x,y,AP1_RSSI,AP2_RSSI,AP3_RSSI,AP4_RSSI
15.357280685200136,10.242820590245408,-70.145702775597,-65.89157296236758,-72.95199780687348,-63.55802514319528
17.143622838927538,4.694994633875984,-75.38362038441194,-28.26503072366279,-75.95758530696105,-72.81803892094933
1.1905836556416527,1.7161699266122032,-58.43107839827677,-73.2756249435189,-74.82277261354125,-81.5327169717677
10.153021006951326,10.509380102957152,-69.8259138687132,-71.3197002673212,-69.98988436481731,-66.88163111308135
9.232529024687011,1.2298665939433207,-62.98734084193748,-61.924680971369405,-76.06045114978788,-79.58132290550141
17.425087477608372,1.4003782806897203,-75.15347289776108,-54.45441633686477,-79.92198194017763,-76.32171892492326
13.409083722318641,12.66795913994887,-72.91843890879554,-68.46738779358526,-72.91548097000654,-62.08174843193055
5.3325192731674464,10.211049293690625,-60.69690745861708,-75.0555253569337,-68.00774374304474,-78.1737852358219
0.34535617668265184,1.0098585242131985,-60.36467448965199,-76.15521081879915,-76.13982177414363,-82.08404261180681
14.6393675134798,14.821768351052004,-75.83714954259854,-70.49536377043275,-73.27532367961649,-55.321451542645484
4.305292339906906,17.50520584083029,-69.34313403592932,-76.95497357877535,-41.66442739735133,-69.08996610100992
2.426069534885509,16.139155913036483,-72.70089749152328,-77.2972927946567,-54.27793667901688,-76.21357263291353
9.358187930045654,12.612203034480714,-67.84687522666692,-71.16267144514464,-64.15524343322308,-68.87753082729948
2.4436632388181767,7.260553322782717,-54.29544270730291,-74.55266735255907,-68.67076150795968,-76.82756862139206
8.117637427940053,11.945256770431161,-69.53383666308213,-70.4065008356866,-60.950396593026916,-71.13152321068434
10.037215292451627,16.654924240637687,-73.29943512694663,-75.16768932756206,-66.11516275912724,-65.09910178546345
8.722207464074874,5.438418622654266,-64.19966001490768,-64.65778254652324,-72.63847095835607,-74.22600104288244
11.388696841626835,8.55101648577822,-65.24069732705382,-66.44140402569553,-71.52990404670517,-71.62875437338693
18.467326430398934,1.6368969677474765,-76.48100548453439,-54.110616418140886,-80.32702484943464,-77.2437534809808
17.566765204524145,15.84441499163325,-74.87256995040298,-71.60131236721537,-71.43608165324686,-57.016634726750475
7.623167136778976,11.999801274409773,-65.79830308106175,-73.45194216887167,-63.13972917673116,-69.73471670606627
19.800924088886042,8.594835783151375,-80.44294632640566,-60.783202410305556,-79.91468494487407,-65.31958911897256
4.899959237302758,5.81028040240162,-45.1589405107603,-73.82670881277181,-71.07032799082783,-74.16079629647979
7.231509899564341,5.505855487683046,-55.26633774025429,-72.02886977428676,-73.33741178911275,-72.35885418952009
7.1735180165649854,16.53695086756453,-75.26657505621553,-78.01628965524098,-53.412905148799354,-66.6170150432717
11.399468508077963,10.800799162204992,-69.9394286440715,-70.77645336976389,-67.36198516027646,-68.01379208878639
18.501039809870214,17.790473758441337,-75.42888281472369,-72.32768719562387,-74.68933341391903,-54.72873943859952
10.347917620807706,19.720202327555082,-75.9768087766243,-75.24807290844444,-66.51936487281392,-61.09696680452585
12.243246081389207,17.51391810788894,-74.83807325747802,-69.70148026407331,-63.41807672766723,-55.203776934098435
5.6087260707148285,8.813847434875884,-59.66276613157402,-69.52190913046205,-70.64792233017121,-71.92000466119593
10.92587863661086,12.92234805254604,-68.90343955310433,-70.88242183375236,-67.80864562327297,-65.71357713207962
19.305116447254996,7.955198921391862,-78.06747189057529,-59.254222927454165,-77.32692515685271,-68.04684335621616
6.197846372399381,1.9209555653621546,-55.10585960686952,-70.45735072594357,-72.41226876551404,-80.25751026157532
3.5931142930552373,4.893963184424164,-16.587100537327117,-74.63789860620079,-72.44501456432279,-77.29214131930291
15.371556985602473,8.27718469332523,-71.04758905905453,-58.430890165864696,-75.60999431407393,-70.29022410627049
4.693317863473849,16.090142647696055,-68.3786252034653,-78.3103287174372,-32.17930135763867,-70.59404348499518
13.076096071967399,18.119025417206775,-75.64142149810837,-78.59092458258692,-69.92356654172882,-49.431945044275565
6.262711081224859,18.60258465390071,-73.57099802874262,-77.62438567360545,-53.66514078417451,-68.37371826665589
2.8656070747423934,12.9048494402284,-65.84074136295875,-79.1738544337325,-57.542536991668214,-72.41842216080715
13.090938359707598,10.546951571664408,-70.40754449624174,-65.55101839738725,-72.4535810124136,-65.1815494921165
14.781873758894559,14.505437426093245,-76.54780505119435,-70.36678854198443,-71.53730798208254,-59.181123409136575
3.250531610382812,12.704543851779933,-67.97963434900575,-76.49438488045234,-56.859026449559856,-72.81718291275584
1.4438903124241786,19.323815769201666,-70.1726390801705,-81.10565843028026,-58.92009463569532,-70.57324213058907
7.945987659537426,5.293314413792394,-59.94262629897855,-68.61619431581954,-71.24948455518255,-73.8763020834891
16.940336130863546,5.563403047190936,-78.14174334886269,-39.585625571086176,-79.11689563134628,-75.07606195861878
5.05973112978408,3.2055059729156032,-51.635087726478346,-71.93103320453915,-72.11339855719314,-79.38072075995417
8.384906800586823,7.982879372970411,-63.54258754097153,-71.7124181454323,-68.30052736215967,-70.86593766970825
13.53477743689031,8.847618619893971,-69.79701644222304,-60.85160105197332,-71.14692004674671,-70.86692058851726
10.200573137549117,18.544949360106898,-74.25005770867142,-76.11183556635152,-63.85747416116173,-59.38986788497251
10.34041815089866,11.062662422445255,-68.51525242183715,-66.11505286211668,-68.04497088023497,-66.24823934638526
8.643576566813083,16.554187788356003,-73.2650475784403,-74.41838853236007,-58.50537115766946,-68.27220734292655
16.596768855642246,16.34883820280838,-77.13813515002762,-72.05277637319732,-72.42092090283438,-49.938048440470716
17.119622125997914,14.236578446203609,-76.72907958693513,-70.23450166893855,-68.62614206893198,-60.698737093980455
1.23156494424969,17.06076742305183,-70.00097554743002,-78.0679748963982,-53.91271171785492,-76.8626150868872
11.319462037690704,4.133981104564697,-67.06773246407742,-61.177187196940444,-77.46770700851907,-74.70050699009016
6.564805053707921,6.804958603585072,-54.99778165926788,-71.0289980331319,-69.71578375720132,-75.08351128199953
8.536448975007168,5.249173246603407,-60.42250356010764,-67.55970081108869,-74.75705870220038,-75.0446539067552
8.842558865259724,14.343246163911843,-75.64477178553663,-78.22901950683405,-63.347102503308584,-65.36158179402678
16.773149346482473,18.065700654992472,-75.38377288250459,-72.20937970186971,-68.55930929377612,-44.06826144359297
7.108316264220502,13.786060545853884,-66.7459070104547,-74.61599532238981,-55.57888788061612,-70.26356592485368
6.700022091905648,13.285041196452603,-69.01186089117907,-76.04407941090156,-58.84232150966628,-68.81086938057932
3.5058579122830147,11.952039783705699,-65.59203982290015,-76.08913267335933,-61.863570778956685,-73.92799012094903
17.612246092695813,12.420346148667,-76.27293775546256,-64.41647997058288,-73.69999631140223,-64.79965784236599
12.373549289749512,0.15006624941780622,-73.02290847225197,-65.06426117970415,-81.9785730046339,-79.71433742225915
18.556714866424034,16.92991537130592,-79.12585353670022,-72.7547942902202,-72.30989117304318,-52.99467479924682
9.112166742378209,5.290219536724772,-66.24720756401909,-70.29863097844387,-71.06512951385558,-78.31031112198954
8.734458793494708,1.1231545638331886,-67.18158411082531,-69.85372070355625,-78.00019991828742,-77.12941169287487
1.5473084730864861,11.600870391155789,-61.477997485289734,-77.3049117743456,-63.10263208583458,-79.25997210404083
13.439391512115131,10.597075302655325,-68.35248069265343,-63.37237599324773,-68.91050462564823,-66.25041988166691
5.810538124886355,12.600849132431662,-64.8185409799839,-75.29172600967033,-60.75875478152678,-69.20305933127526
19.968482879798074,13.708926839300574,-81.95138855925973,-67.27394688463365,-75.87860742867711,-65.32245933092963
10.623166768075867,17.740481069993052,-75.43734336591358,-75.70185189244738,-65.0099697060699,-64.6138880147135
17.68814428773444,7.840176832370512,-72.22392772181692,-60.242554670624266,-75.28251262019165,-72.54740346616947
11.450901712072154,15.149924611261616,-72.28162865260032,-70.50609358074877,-67.11122740262941,-63.441731328778914
2.2846873688053937,4.333661983459905,-46.24473989469989,-78.79168910679863,-72.70956841287473,-75.60910439600143
9.307746113936116,2.9307910227267,-62.301533427302225,-68.93744066367046,-72.84146160292646,-78.06901837176699
12.328039350102756,10.697197479219472,-66.2625064449555,-65.87083745035402,-67.64023691783544,-65.21352613835593
19.29888551803095,10.817946735071327,-76.95886684893098,-70.12599894871056,-77.33391254587721,-63.785385612031526
9.500374053902462,17.873227444876044,-73.21512660981342,-74.9100065105613,-60.88471253289418,-61.50500480886416
1.1844743809539704,7.351608127282471,-53.76520901046019,-77.20695329097266,-67.54143441306117,-74.94891531016292
17.948324225235336,6.459970868598621,-76.66168091280375,-52.833444138726264,-79.82017062621996,-68.8817204272622
3.414166123461877,1.2150994759293265,-56.66989247871622,-72.0864697832359,-72.96659405567476,-78.37878243411774
13.724341389681708,14.777344738532035,-75.20859326991221,-68.5866122846165,-68.14878802851406,-56.236977059827694
11.81726572729419,0.316964912844373,-70.9787473473308,-67.09793530418636,-77.84490433536834,-78.5618703918151
6.887175044145324,1.795396124345261,-56.66615472977939,-71.68874769212736,-76.07380167577307,-80.52948107347329
17.037437482379666,14.450924278682711,-75.10168415618628,-69.58185006783167,-72.73070636540263,-58.114012777696644
7.516045744813531,9.678619206610291,-65.2785828626735,-71.27261068325161,-67.89009156094309,-70.20871183192948
10.48163591110438,11.16415586440517,-68.26294771378285,-66.57211078530953,-67.6092268253313,-71.19782913934563
7.496585551300998,13.33617701884159,-68.53325349949559,-73.44481084050943,-61.507052354545195,-69.02487453605374
11.960899125509997,0.44210801227985375,-71.90616732816441,-64.86728943968212,-77.100905267951,-77.84788043080236
14.1009028465178,9.791159365283074,-70.86608876100955,-62.816991422395574,-68.42779088471696,-66.53295458592396
19.594108390841523,9.221526606507078,-77.0368831135593,-62.85090290884287,-76.79573150122383,-72.16010050500127
11.432013873265479,1.3525769859450354,-66.82709231115231,-64.01668761198063,-77.8127967582177,-80.84517028050045
14.870959195811285,6.2228542470567305,-73.01013124596409,-50.95985502117403,-78.99751092017178,-72.03969731756541
8.292022542526745,16.939687325944217,-73.3463395535924,-77.85369379481726,-60.82117136012732,-66.30498452703806
13.7326574413397,4.243230138178628,-71.46243702090999,-54.07898745057565,-78.7529689020444,-77.54256656710238
10.651479192733042,12.521909778294072,-70.01269989476461,-73.13669907452424,-67.71112408503274,-67.32272679219575
2.09639087953877,15.417289397578964,-67.52072154124762,-81.03588384560793,-56.887794872575945,-73.95878216093129
10.00561180071026,15.892054773117119,-75.77346510687173,-74.14963543003797,-62.6625075285694,-66.35790623441726
9.493310111505247,15.83063084854889,-68.24792407397092,-75.24778475061188,-60.356074937695915,-62.93443005987427
12.548530032863109,10.880956369387127,-69.29465964537457,-69.29052803589006,-71.76256082977767,-68.15538125802757
12.173455671334823,12.892086047459605,-66.47211911745525,-70.43980505487946,-69.14703253048857,-64.84545965143779
13.16713037723606,6.083143304958676,-67.99465680329709,-61.75533638308355,-71.2685378510757,-68.50364017615856
1.1656262883394342,17.64555038006816,-69.87259008620578,-79.63289595071676,-56.971725410430494,-73.23559008863324
3.7544914999559764,15.071913265727089,-69.94277050218113,-77.9292675129253,-51.152362170916135,-71.03087089787944
17.428138487820345,4.076479963205828,-72.57065155399914,-23.348181497620242,-80.22754479180075,-77.7132001042786
6.446690254381895,7.981481544977251,-58.89564810398651,-73.64862667111282,-69.81362219793363,-75.20482455628145
11.072931466962022,9.617960163196368,-69.5628440333669,-68.17628987721366,-69.08296952521592,-69.1414558449549
6.45546202024941,15.27521250989512,-74.96063179991701,-74.61931125370425,-49.707865722006034,-66.32066496120956
15.579413472871122,3.350138347724385,-72.39377131927763,-47.554224984353354,-76.705063684998,-76.37381494819374
11.144384582853508,17.433605705387293,-72.60394882304979,-73.71298361451083,-65.34639323009367,-58.719145192540175
9.524829891804352,7.7935663072902255,-63.73151324830596,-69.82534057451792,-69.14931576215717,-72.9586368780796
16.21068698671007,2.6858260985456694,-70.58638864089681,-49.131550791339116,-80.10295989391346,-73.08204178537468
0.5539976644887967,6.926227275627084,-58.34855059870165,-71.21588319999745,-70.34816719077783,-78.03025498004632
17.559560592747246,16.384844569439156,-77.28521306857454,-73.61549324036777,-71.78846458629917,-57.78983117724994
4.558959039939008,11.4220804307475,-63.90253446135771,-72.66860863816414,-62.42017429676985,-72.94538552000753
7.13327669346584,6.873200437415445,-59.81513197907395,-69.10251659026713,-66.81032983963624,-72.92223333785405
16.818988250354934,18.82418913412948,-76.07464957391905,-77.29867624126071,-71.59025317626597,-45.54665830722207
2.520821725175213,12.574326517266872,-70.00988746136055,-78.57245868191923,-55.37884745926444,-71.43611835560466
1.478649634794671,3.281027143590294,-51.54218915978023,-76.44839744086916,-76.4486433310073,-74.81164985111218
3.524499496946234,13.290943746012573,-67.71931695916977,-79.39438027513476,-55.618147270232036,-69.60594934822456
12.325345345287468,0.24294626708299738,-71.18641334839049,-65.00861114996957,-75.50756372753628,-79.02779603809563
19.983550709934438,7.719417884001802,-76.39248568921967,-59.455350554282454,-78.92801959008051,-70.80349769386645
14.001428639130083,0.19667114815262954,-70.36432800823691,-63.83733121512133,-78.57448425902737,-79.30762822735427
13.808613192989252,12.251784964282406,-71.87501711945407,-68.0682706012086,-69.29913102194506,-62.21263503848481
15.667286355364947,1.6664523401749243,-77.86480341682329,-54.65213235581385,-77.21960358025886,-77.26824590380686
6.627082655454197,4.609487589037801,-54.286220289737486,-72.44054753819589,-71.21054862949765,-79.00155746977042
8.306912866293068,14.625262193367146,-69.08618399713657,-76.0206815781937,-58.87151151190116,-66.69913118117411
10.918164342831293,2.515323496988353,-63.794288159843354,-63.82260888898668,-72.18788678010901,-76.69520013417267
13.256096289328525,8.47683013417977,-72.35487226501475,-63.75035475343218,-67.29753772722935,-67.6997423578034
4.428990416615242,6.1128112531123175,-45.10891252271712,-77.03647583357024,-69.50428428827745,-78.82692951327185
12.858099120072728,1.2432366707362608,-68.73162563403844,-63.19604369578365,-80.46855774874554,-78.94152162667363
14.632209313954153,13.970943578536879,-76.15317933983353,-67.77529601331102,-71.04039538422711,-56.10665976064771
11.109569728862523,12.360740133664638,-72.66647882959992,-71.4777670400125,-65.94224793383133,-65.34015981489189
3.1319111523722376,1.946295537031144,-52.49131706326009,-75.0714270337929,-76.59248665831794,-80.99649264386022
18.086040791102704,9.902397736165746,-77.03839160439392,-61.806169313831454,-77.72805134852648,-68.98941648959403
12.414232379603686,15.403022813479923,-78.73695885278465,-72.30938781103971,-69.1786483170108,-55.45132110183367
12.981771314353722,3.817743779525975,-69.54328237840959,-58.89468835257256,-75.32070770006109,-72.89755112127516
7.28991825410975,19.077298287007796,-74.76578128194654,-78.59760249061729,-54.62428318541285,-65.33787279901307
2.957056051986946,1.2646464962766957,-60.00198962819149,-77.09370195572755,-76.20631963638432,-82.3050229678917
7.587814284815931,11.55870960044183,-66.851072726288,-71.50282901923026,-62.12188279204147,-69.32872509809492
18.811104465028084,3.715052813671853,-72.63263468915018,-50.5486096601423,-77.52619445368221,-74.17000567676665
2.30957484258685,16.725832241717388,-73.61564819643007,-79.84044945916314,-50.11174697427991,-74.09547460897359
11.715357074160885,4.341153260977276,-67.17323567866997,-60.4975294588308,-75.387628163808,-75.2537129307405
18.600824274556274,9.523423048661606,-77.5030338199841,-59.4620505332725,-76.49997725325618,-67.85554441140694
5.216197092029439,15.789735048892862,-72.28853949386689,-79.43104265225242,-38.617359264430725,-71.57048429672746
11.22238059857407,6.851058467258328,-65.7121815814603,-62.90319481080444,-72.87606508316112,-69.88381993317952
12.36787711459385,11.810245363228223,-66.53003438541427,-70.79503721163765,-72.57491186174191,-65.94678653808876
0.5136643315965883,6.664148963649579,-55.30982569316332,-74.70936124759777,-72.99232448048677,-79.37982942686135
17.754280617343056,18.330065743210923,-79.23120774033976,-73.92364115964403,-75.79723613647674,-50.04267163425759
13.170371206943432,9.799618820784566,-68.23130411395316,-60.701710635563025,-69.75515055189325,-69.75349399642873
4.106489239162265,17.195742509027163,-70.97898434686283,-77.28924290838482,-32.41833301842472,-71.90593638724292
13.682067778944631,2.2333540557738574,-69.79552479013321,-55.93510399625046,-79.14017492319945,-79.31441117126646
7.024007758722648,13.484003717452541,-71.3757979509356,-75.98219304545549,-60.519290209066554,-67.47610323801682
12.735065326548922,13.931878906310274,-70.09322750666567,-70.74057873286714,-68.43066868631081,-59.61853391756124
12.462647549304473,19.656501454662646,-75.93104292161148,-76.68550547414868,-67.75483274691531,-55.55986141782294
3.137141031497732,0.06783446021290995,-58.521580296188006,-74.79330656823207,-81.69532797759456,-81.03429090505038
7.548722166357664,11.506589900874927,-65.09096705660048,-71.08975054381031,-60.05665271436589,-70.10130931342684
15.688424624622431,1.6992263848178268,-69.96909179663744,-52.80136330186486,-78.07428964473559,-73.01372996297943
14.37636450262495,10.693509248209605,-72.8260041164557,-65.5074567523284,-71.71403980648476,-67.89787233692003
5.924488747301131,10.025622187425999,-59.67461635325917,-72.97413713821119,-62.38107614136409,-77.49434673776065
16.816688168101393,10.240789100532899,-74.1134123125305,-63.68702688310584,-74.05314230495378,-65.80279508747229
12.405998117781214,0.9174200219188977,-71.97947244250038,-58.61378020902821,-78.03060941608764,-73.20541922793383
8.28992998776296,16.116327753437506,-70.77066270814862,-77.54190143653781,-55.40409448695757,-65.44421604246791
13.477074781230511,2.1475426948264698,-69.86092572725158,-56.24852766030198,-76.48626710000961,-74.40871490216861
14.837225136439338,15.56675388320061,-76.14821053514765,-70.95845436080057,-71.48888231359871,-49.46190018853487
4.462152492086336,11.058634142860104,-63.68256925533318,-70.27276985447793,-63.73999867771257,-71.125289411238
3.554204344103604,2.3429265385077214,-52.859047478433894,-73.45127090628917,-77.52721965987205,-78.94578657331263
9.457805154238727,13.812507720352409,-71.73631863554543,-72.49946365333234,-68.52232875884476,-64.68997455783595
6.9605566588922745,17.45832643923601,-74.29541814947551,-73.68852354414875,-52.24415524957339,-68.48825633248401
1.316051577583568,18.11034267844399,-72.44318623821991,-77.27518632336937,-57.50687584501953,-75.51102382486424
15.14928201637125,6.4653972378156155,-69.47690279024916,-51.03394833347958,-76.4282066137611,-73.80759681704528
9.139998448776733,9.283339927346239,-66.90057976780399,-66.58937374012105,-68.933981137017,-68.87084425479539
7.186725151543905,13.86288756423138,-67.28251848064622,-76.84279964054406,-62.218277215101594,-67.60940736519368
10.51226234519076,2.875704170416402,-69.30777099269922,-62.564383741606015,-74.09076725072002,-73.97265817775632
1.2610385439732585,8.624776991753402,-58.9051894369917,-75.19487623902394,-69.71358871715319,-75.83668407443737
2.4633691543994973,8.748784058600522,-60.91591014978435,-73.7636865113704,-68.03623234423578,-77.08555313411827
14.993718548720098,12.511055026810398,-74.37569363635549,-66.30366242745615,-73.0080144067063,-61.87997825895299
6.788838873856662,14.9223903353578,-68.83816015076293,-72.36267110424771,-50.47637350180824,-68.92611426078903
2.896856789838551,8.87797723812483,-58.64623378148762,-74.40310477730368,-65.65742865701425,-72.65920678422424
14.500396256578167,3.6192174927267518,-71.75783339346921,-54.23637768912356,-76.76479112373522,-76.65438605200464
12.24147313196973,8.692992500768721,-71.48853172418801,-63.79635875869021,-70.27776136992031,-67.32706845122738
11.170986280734718,9.96077991002342,-66.63859872693732,-65.89224123131729,-69.85830927972097,-71.15973107429912
9.616687408218421,7.87164325770042,-65.91873695618914,-69.13345351363853,-70.19656333048798,-69.14946267571375
12.299000466980793,5.075878684398322,-65.15565676197818,-58.9515115651861,-76.8924931787031,-72.88964412869014
18.849822071339123,8.535592817260376,-77.62093305991002,-58.931720700154806,-77.38245598392236,-66.40186512158697
12.765689014335553,3.1934234002925077,-71.10229628088427,-56.75024004968298,-77.13258444976896,-75.10415583272365
12.170875956765538,0.24061695611227396,-69.66613625123964,-65.13878424527451,-79.70692864536535,-80.17799937812146
12.752698220505765,17.97954005936538,-77.49357158735734,-73.02518121578406,-69.51409495343513,-55.601538465956054
16.049977057991743,18.025936225951547,-76.2513779925035,-72.96853131459915,-72.43788118157414,-30.456594841749663
3.2710017852875195,13.471897796734883,-67.37837811091602,-72.85283867248161,-53.04395802039551,-69.44439999336085
15.865948883939424,15.215440158294196,-76.42092040569815,-68.98536597358988,-70.88694577392921,-55.486873065707705
9.148926328386597,9.958743248800591,-64.96170733311543,-69.80075654029574,-66.74817004227583,-70.33661394406496
16.911297498173663,19.03850649383307,-80.07132114817288,-75.05836927974518,-75.6657536212115,-46.405361136306325
1.2944742205303972,18.29329225993303,-78.00268558509528,-76.73211304636634,-57.47042574054933,-76.37843595083064
18.817147164483664,15.778279443123013,-75.63841899269102,-71.71996719871973,-76.63439694372197,-58.608224301638074
19.705543976345133,9.644402133675671,-78.25892405040032,-61.05973686080617,-72.6913286233321,-66.94095566824242
13.508777761851485,16.98264427986837,-75.04139668310964,-75.79723209994327,-69.41472923034289,-49.11657962305053
19.358345242371474,19.15715391946983,-77.76945768709629,-73.85458925005913,-76.72391022549131,-58.90248104695799
4.834522509818071,4.696753674847905,-39.43512429529879,-69.01610801407026,-74.0171597097645,-80.37377908970068
15.715832103877979,11.086082672530381,-75.08929182950948,-65.67090901727069,-70.28271819648994,-68.54559268986439
18.518408397732877,15.905077854348411,-75.89181565588021,-74.04630285013246,-74.77023021419858,-55.515613985576756
4.023202119525797,6.803984282684641,-48.25118472954976,-72.62357837520307,-68.07510202055231,-73.41768237689168
1.7455066267876274,14.415903579273214,-71.25440267161827,-74.45316076743576,-56.75672386171507,-72.73538484359821
11.568480354458943,17.51434809397154,-77.08306556770064,-71.13936192142461,-64.25833914850982,-59.22820882469611
3.8126636279314274,3.7542494993569386,-41.14897323449653,-72.65459565190132,-73.34276100850771,-78.87008446170957
15.756188783940793,4.658231718271386,-71.9500425947091,-45.00379099088678,-77.60183028348358,-70.84109702681842
5.836218914335394,0.9954007429446077,-58.46517057727642,-77.68358116406863,-75.47426245492294,-79.14371990081939
18.863217240118104,2.4643491051817756,-76.4055000356297,-50.55236182584233,-78.10615464889389,-76.25307345586221
3.8367098677675293,16.804548374841893,-73.10472416111044,-82.0350755996916,-40.55247713540077,-71.11749230996729
13.57849423686769,18.0961677482231,-76.29228453310294,-74.52659777411837,-68.79174487324275,-50.973876354215975
14.664344684420051,3.050995110570669,-71.3633532683795,-53.11766649366008,-79.10507886567005,-76.77640366959692
12.388957178669626,3.2415841507463905,-66.48875216790536,-59.98795177237925,-78.11142536845149,-76.37082219017014
17.463256957224974,4.911595236647106,-73.58287605588123,-34.68798690378006,-77.47972732154616,-69.31564199220752
19.713906672800363,8.556103039668923,-72.7759814641652,-61.34423350424449,-78.8506734197243,-69.90053680268684
4.722070014694109,3.437812441871033,-53.64684202148853,-72.10465438028739,-68.77664244262387,-81.18964429021332
10.52495571387815,7.436473506706919,-67.01208606847382,-67.49503809003302,-70.71635680141553,-69.39397279981806
19.2121730312963,13.223202858459972,-76.8609215131589,-68.88241366307635,-71.91907748419982,-64.90747960559148
4.583147769350275,8.472206291355013,-59.49595456154946,-76.50777519466841,-67.2917641820111,-78.14832387917035
4.846681763086076,5.793342235192793,-48.4920983857043,-73.10657190635939,-72.9258645511799,-76.22740918696957
14.74359363183087,17.10445321042672,-78.61174044915612,-74.40263958186493,-69.47046039518565,-47.97899962615522
19.548063786034128,19.505625045449907,-81.89725436455292,-78.13619527091203,-73.3810599458322,-61.53483029299456
12.205283548776787,0.06072804236046059,-68.21211490733691,-63.730339929041,-76.51803018435423,-75.59229306597533
8.836552471112054,11.166766892002663,-69.43473177999432,-71.46733875822407,-66.7757025728282,-67.85093165995755
3.396458724745093,3.7645018809672925,-44.66446641859357,-73.68892938824818,-69.9188359577131,-77.79340337078341
3.054498137962487,13.312730844952057,-68.5573667830319,-76.44889019841838,-55.31591789170388,-72.64832560406089
13.92401556239783,13.985503249178581,-75.71257493883626,-68.12947541928739,-66.44251218956595,-60.76221780375455
8.009932861810391,0.7267773445813952,-65.24865215431684,-67.32052334007572,-73.45245633347753,-80.46388196324256
5.20283902586568,12.144120735500916,-64.59218447722722,-75.68721124065793,-56.68496927524712,-70.73654393840823
11.019033295380844,11.842923615116508,-68.27013863759268,-71.93347073102004,-65.0025769911546,-64.53798861479575
18.28684194832443,14.870030692482828,-79.00294149754957,-70.51252250573171,-74.1260426728313,-59.17294615886329
17.803495648910644,18.042500671244788,-77.38587471589202,-73.1380458794375,-75.11247959771305,-50.196346472008045
13.783878775464766,7.394240446727942,-72.21543858033475,-59.38294752872089,-71.67738918320327,-74.20653206810961
10.37412756537579,16.60454377561053,-74.16337870494914,-75.62572834068249,-62.08829909432092,-62.682009866424295
8.68981933574672,9.345631544704515,-64.51225838571675,-71.93345589658519,-61.922397129035716,-68.88885487958177
9.284205440831618,2.2748974930098576,-62.45815296524054,-69.08583419040558,-77.41755022712361,-78.81660862047806
17.1518464262856,13.432065860393935,-75.02207807738121,-66.84617908934557,-74.43772690605914,-58.266565616810574
6.342980036677817,9.31498280863531,-59.43058975074889,-73.51047151613236,-63.714189170577455,-74.35799199874283
13.971447641503268,7.899325403867183,-68.68067994485287,-59.935928898195925,-75.03988012380717,-69.22380239248743
18.783344850015602,14.453044345587802,-81.06935427711787,-68.53682225105247,-71.81494257634013,-63.026072171327336
4.1470698711157805,8.641432271359847,-56.23164326083559,-76.99986081645271,-68.04135765397317,-74.95925022917177
4.566616164300614,7.367335031572755,-55.242757402067696,-71.35685915622672,-67.60794180803687,-72.59918953308853
12.765077700154722,18.114761752125514,-79.83068915465083,-71.95145365411295,-68.04692756212101,-51.50514548588083
4.293499654365598,18.627229187800808,-72.36486924972759,-81.06597983073762,-45.877906742827456,-69.01504327842343
11.048618214468268,5.419264936208652,-63.261646001311966,-63.27138632312396,-72.00506352851497,-71.03505045514325
10.993992488614019,13.516601003813474,-70.04408084366602,-68.73383016104839,-64.40982649405385,-67.33164945060535
16.22226116245874,11.43108739285925,-76.24507718057812,-65.83205692655196,-72.89212825672502,-62.363898359789694
6.022419655738882,10.154609159986913,-61.40478377396002,-69.9350938917052,-62.05720215038005,-69.39694908665975
16.388976171258765,0.26173056708358455,-70.54379268041399,-56.66934021962916,-80.77116386670917,-75.08167178934448
16.73737656946239,13.173039581088705,-75.42209304841874,-69.5549426404986,-74.7907895447753,-64.51657084063663
1.629716166432229,13.0063796917873,-65.96261604030676,-78.19067469788367,-63.32171745436049,-74.10562948901567
17.365151452139443,5.496853839690914,-72.59544701172774,-43.53755750158806,-77.32203100587155,-74.66090506001021
13.437738853944328,13.692758963411464,-71.28806000209578,-70.15243570537137,-69.66653669348145,-63.0728522004345
8.74274890586774,19.949170314682792,-79.32425011504854,-73.11280522616786,-61.87560395645325,-64.4837142194869
9.977752120231864,19.953589192627824,-75.42996745423251,-77.85768048426144,-65.14531571715705,-61.14067397819705
17.341988037030596,10.181895948563378,-75.96145917604966,-60.91890360597505,-73.33714386141419,-66.52714362780947
9.282726595197431,0.4110350636885207,-67.93940712289705,-70.06767224301062,-77.77855481135668,-79.48400358986818
9.349033008685124,8.728476508647613,-68.41648010527224,-73.35082387621753,-68.57122320639344,-69.10291174799073
11.192082305557523,13.407448124170019,-72.39228232700972,-70.44009419011118,-68.1150471106154,-64.1369405565092
17.54638662405236,1.5972154993261478,-71.57865692450655,-55.5788390027379,-77.78942179328078,-73.68528681991938
6.726985492650385,6.786379463391857,-56.206352165947386,-68.23429881616491,-66.19372130165837,-76.99358245433096
11.515412068436442,17.759620216616234,-74.66818565010573,-75.05959966731176,-67.60473005023337,-60.90708671592767
1.6710246226919367,15.673467610700813,-70.90959594819205,-80.17136546574771,-52.86473579912986,-75.05931525036065
1.6612114654812093,2.767379417014646,-54.56584902080642,-77.25863894623673,-77.91668085202298,-79.59116490093261
18.981754018968243,0.7350273749240399,-75.36934045837219,-60.05891322595361,-80.25254660806738,-78.79792165642807
14.089136747195957,1.0468739993436382,-69.44925265954816,-61.42831748281627,-78.87060515864381,-75.96008156748233
7.01149950575032,14.583626080353165,-69.22496579446982,-75.77604602758916,-54.07621477907234,-68.56394893393859
9.905699388261176,9.39457651203736,-63.8143325374433,-67.90099835778307,-72.2366169233269,-70.83832040426735
1.0147756678616449,0.8827554512024127,-61.777105262602696,-75.91836359040869,-79.24990511650158,-81.56826334398778
3.571637251855442,16.074314608486432,-68.18211114775919,-76.72893461240184,-35.888810748154086,-74.60388372012528
10.794499622319966,17.057906174121186,-71.61830578280565,-74.52108607736241,-62.63964263817338,-60.99630103200725
0.4008161948700639,10.47994719408913,-64.20316779457386,-75.44125751797672,-69.22645914554282,-73.23748041790873
3.9060896713628246,0.14645851192406134,-64.05331249477261,-71.75479190767528,-76.2964205905244,-77.07934277693916
15.750466680989273,5.716551542945587,-72.66122806875828,-47.346235643431086,-79.85365741696788,-69.38057115644982
2.7976028018755916,1.684481614627995,-55.53790807234502,-71.6738687151981,-73.92165594824236,-85.1307467892126
10.823254730854881,16.309241235031305,-74.48493342788386,-77.75062058101933,-64.34734409248118,-61.076351435743874
19.45807158428401,0.23385993266480165,-76.2469332846063,-58.69654967519937,-82.65590174294108,-75.75062327505637
4.142347810605866,4.526438572609532,-34.11343336529256,-73.37324025746031,-73.88900604497572,-78.51105529705835
4.528275163516997,4.060482762415014,-43.3649403501716,-76.98316615685265,-74.14445361076876,-77.04672187031622
11.552500257175069,0.41797350442626113,-68.26915715142033,-66.20011523201313,-72.99044276326687,-75.3655030318974
8.884184966950953,9.749594437967147,-65.31529857361251,-71.65860305441338,-63.277989424607185,-71.98352566142832
4.562581997472028,12.813313166775696,-71.63898974044636,-74.3087274651516,-57.143242001583594,-73.47112935349826
16.773808856532362,16.111689061918412,-74.9832383217356,-71.6275788359797,-69.21346663945175,-49.285104368775116
6.075810569400022,16.915845061560823,-71.56633302822543,-74.524471682979,-44.497376226673076,-69.81701258150316
2.548845571346572,2.184361819189675,-56.4424430181098,-77.68537461733698,-75.68795270738237,-82.2769876862284
2.516395024486331,6.936902314407045,-51.60354224964786,-71.71908326944556,-69.64908921956561,-75.53186206854504
15.183482533707346,4.079194177816888,-70.93044557358212,-47.25358530185495,-75.7384799492987,-71.09724483538331
6.602571460572355,3.0811244316371367,-56.11927763724696,-69.0631655918754,-70.75025555051099,-78.14744156660676
12.321962516167266,17.091026392592997,-73.56949978251686,-74.51486696473351,-66.88660275780275,-55.127467676642205
14.239908440514125,3.195077274414655,-73.51498711713944,-56.41993240421674,-77.77792244203357,-76.55157524574838
12.620727937379044,11.489713676116528,-73.16997757964053,-66.48910415895051,-64.85177369135066,-64.645242516062
0.039293402657172294,5.93662858092326,-55.683292979297896,-76.76670552469723,-71.92301353110962,-78.35756462130327
6.483140417176054,1.6406793651735763,-59.770318922034484,-71.85904989037489,-70.58228550411195,-78.25921243920496
18.831492229479423,19.19672297027722,-84.05499430750153,-75.11465561204545,-72.31924610103812,-55.22508315910908
2.012743802216348,5.584099214414029,-44.53339034367432,-76.0073642239715,-69.55693468484405,-79.88124740016175
3.0156997071398473,17.562510624250677,-72.28424507823831,-79.73018381534804,-45.13642215437842,-74.87017624563141
7.86184774443935,10.442773729191511,-65.72132305157177,-70.19510908165604,-65.3606490966925,-71.33050561176262
11.054674066029119,2.968188647747756,-64.00527182773753,-64.11431280065848,-75.6488281026426,-76.19427288096968
13.203948991525817,15.242814747096109,-73.94102545252264,-67.15208000644975,-67.4863566795297,-53.8450320381818
15.211079729821165,8.347782701330447,-73.53653409821433,-57.700817708129314,-73.86788519238284,-71.85823695772203
3.0573364779594714,11.456312883972462,-62.70516057322912,-76.61520012632823,-59.76904847039743,-72.46184529261961
3.0202463206508168,7.157734631118366,-50.25098644978204,-77.22630962968331,-69.42118247142227,-78.27275555885622
4.1360199479137645,18.881923486081224,-77.09779023798903,-79.61198965950847,-52.84521853258245,-70.71184590295803
19.73787145985697,14.62732912022496,-77.9105390963258,-73.02508433485362,-77.59549313129226,-63.686896516826536
7.645782572262904,3.5863650364160637,-57.62676007202786,-71.3306415660219,-78.68431779473583,-74.27980473895788
9.15123297886656,18.013679190217758,-73.02525481979548,-76.54675153884442,-58.539598940804034,-60.284181864822116
4.773072947094226,18.54882606237632,-75.93712022796784,-83.28359750182703,-50.747854408852305,-73.79173023571475
8.17383258744195,13.151765784378098,-70.3291476573217,-71.64935651458772,-60.0407452026855,-69.37642940026535
3.4142110591874086,17.72013799736441,-73.45716539464767,-79.59159712530877,-47.22028569269555,-72.95725200329859
12.337161364392555,15.594951777190783,-73.60390396965894,-71.28835980264438,-70.26556778975359,-57.9066723357116
17.428686061984216,3.9866794645737924,-73.33832831101293,-27.448767296933017,-78.52530595931255,-76.50753979419548
3.050443944000596,18.16907523691974,-69.10248249132029,-79.89044919357046,-48.37131681264026,-69.86154800617224
5.984960808639325,10.934694310922131,-62.32543225301259,-69.7549416940843,-63.238095557291146,-70.39864928756684
17.616200454715937,8.247815354336334,-72.93249131614188,-60.936283664449604,-78.610546797752,-70.00803617239508
11.09901001548273,4.652093823858088,-66.11869274873786,-61.37090982896459,-74.58084107789908,-73.3518725831727
3.7567558088324793,17.356992923466407,-75.87505696728853,-80.16590127036714,-38.76355222493082,-77.09272986539371
19.488944362490866,9.918691333905725,-76.15611233436172,-63.959026512382096,-75.81058462606235,-69.47051125511386
10.920692653195465,5.816846813320886,-63.97981688450953,-65.50878760398221,-72.04102023137705,-73.36138432721867
19.222424346651724,12.6174658387753,-75.48266228592132,-68.25668517129692,-73.81107820616833,-67.74738152014207
4.156341840484017,17.763619411591936,-71.83754908731315,-78.24494796132363,-44.18673657271759,-70.74479559085908
19.326464553515848,13.214024775757576,-80.10383307959276,-64.99752116904567,-76.17623682824401,-67.10261637694805
17.95048594735402,10.187264348746458,-78.04284845136216,-60.45214420499375,-77.38772059365132,-74.69777365525061
17.820228759325655,9.87139023878025,-76.0857815782168,-64.3136853262189,-79.08320028489649,-71.70809645616399
12.327957428262925,8.595222813542588,-70.80415288155747,-64.23746373685108,-67.12907385627645,-69.13922050571819
11.692063038525696,11.50615867645306,-68.46905891067483,-70.85758688485573,-65.2377994728656,-70.06955618204661
8.180479124123634,5.649265563677961,-63.02647492745675,-68.48940033165213,-72.0638917800355,-74.69846473150226
18.05892432529061,15.077035173726705,-76.85952731030223,-67.44092813405388,-72.03641467558458,-58.64348333685448
7.932137960866759,7.542241982148703,-59.556518368912776,-69.44062495181576,-73.67192792561252,-72.71130579048969
15.206695591427286,15.483927008029628,-77.68255379419176,-70.3222456779728,-73.94568947258603,-52.27567751603228
9.61435623208428,13.63130038101476,-71.20794675102444,-72.48545671676938,-63.95212326500028,-65.80738436295842
1.830862631580863,19.139387971934717,-73.28209760648072,-82.26705677748342,-58.47912257590521,-73.55247972224284
3.0020654971469662,4.454499541570767,-35.99266359480825,-75.28299961872278,-71.2094613546954,-77.15323295723503
8.331607541563983,16.816627674529588,-67.07131743641278,-76.46440638927609,-60.47172093653789,-69.45730275071979
1.1300326319575205,12.137661969754884,-68.4712966611218,-77.61582541109351,-61.92398077606567,-77.63196350925718
19.633344992902288,3.384051998717006,-77.30593887044644,-51.13977039625333,-78.6188521784418,-73.87482514765075
16.818743851417825,4.82361565582536,-75.62133793006832,-32.78431191305706,-77.8587237300408,-74.23555051443428
14.633589390511347,0.885675387600553,-74.56159253226515,-58.30374463098376,-76.68198315094749,-74.02378902139768
17.86612367492951,13.25170548373607,-76.26578743986273,-69.86927907596909,-76.32638833179884,-62.8652240824476
9.17661144648424,16.54720774006521,-74.07058814170281,-74.0525354434347,-60.65960172993423,-63.28073371153945
0.9958539283141699,0.8490443067190356,-60.54183110624447,-73.39861990460886,-76.48336680086126,-78.90892688165883
4.8314824478512275,8.99547472256264,-57.956179898226516,-73.89478766215288,-67.59903579557076,-73.7312310780155
14.262881821424527,4.114138486566146,-73.14509903292956,-49.45310291187656,-76.63947601399494,-72.66594439981105
0.7333149277788409,15.490158298744316,-74.51240483291532,-79.22480996920856,-64.69372922232225,-76.24069212486036
6.096279552855806,6.450455623117934,-56.386676138125075,-72.3340283290004,-71.13817569999425,-76.88973861009607
7.33889458920983,9.744333200736616,-66.68211592456322,-70.2919661413766,-68.32487090298527,-72.37572948316394
11.733258064055896,4.622305944284177,-67.28153942947057,-60.804682328931165,-72.79961520951831,-74.86011085306924
8.188364176286607,8.149658886659505,-60.15116518620005,-68.70952494169616,-66.60928931629056,-75.85336666855235
16.442368344786267,16.998669609250136,-77.7996790796194,-69.44851122534324,-70.00713043025966,-45.4574385590097
8.862516902358282,15.695999730632357,-72.04491973485572,-70.92202543005452,-57.844600114261674,-62.222454029811345
16.31315136466432,12.078690964683148,-77.8405425883536,-66.22906363584617,-70.49607906352392,-62.342605624647035
6.324814262826088,12.400678603114594,-64.98958844242904,-72.89767311081657,-58.4474661842664,-74.17471873899748
1.853639055872922,4.884756290473662,-48.955199035187725,-73.00626199426968,-72.58452938914525,-78.38860878602054
16.715272260669668,11.17499781695563,-72.43288504779784,-62.388738638909146,-72.19332388152593,-66.57704966894482
5.715640503887258,17.92908534330921,-70.61028457959928,-78.43386797179568,-44.27327824199161,-69.57094562298475
18.430878545431174,14.89596786890532,-75.46842185936043,-71.9630248162418,-74.98997963209524,-55.97335143345239
6.2198023645681255,4.240307625311059,-51.92886273320351,-74.04621769642166,-78.95943156834475,-75.88357332674283
10.217107120862845,5.235188525173797,-62.42842449940518,-63.49113038563538,-72.64335037668035,-77.43088350361728
7.825587444401496,2.209761898757665,-61.77237965007448,-68.74452685327469,-75.80112984739998,-76.7101491720679
0.25599538751543527,12.046033848545596,-67.31168357833408,-79.8641223274047,-61.64537835916947,-78.75069615997418
9.76894262214949,15.951914854658078,-77.11834510816017,-76.91190057827949,-64.31149967478207,-59.71110720259731
5.097416005145298,11.96000279323023,-64.61698170034532,-73.10278845637853,-60.137485805170705,-76.28740067225428
9.331679781390035,0.1650671973461071,-66.05360143911477,-66.74050776823212,-79.06671818271487,-78.09606922385952
19.83558896216586,1.8424513468386872,-76.6085238948456,-56.98673174676312,-81.7650541677381,-77.78941582985605
18.64500854507609,8.121598210663866,-73.57780050113082,-56.14097540357125,-79.19899491474243,-72.16600035678344
10.211921929633476,9.037985876362278,-71.98009486904786,-69.85209946000612,-72.16660435550342,-72.04465193471411
18.22502044013565,9.101209012588933,-76.5335631975546,-59.1275107639917,-75.77728964185565,-69.91595138099686
19.61661513481659,10.856781598917205,-75.26839038317222,-63.01590327325775,-73.59540446166487,-66.69272641283774
7.341629659947877,12.775801985190743,-67.45861106500602,-71.1023204488701,-59.600402880091664,-67.81429001370303
16.616865698290137,19.00260289727625,-78.62667823224086,-77.82855117053825,-69.14017031245523,-44.14560923423996
4.615205450059077,10.107656058691862,-63.031436320009206,-74.35001591590232,-64.86081144994054,-76.37010170711092
7.459994752526297,8.074165750389994,-60.45204237377498,-72.47624676636782,-68.08596839078092,-74.86426322171874
18.504258355383914,3.2499357525500927,-74.97736065333679,-47.434550346550864,-79.34534456329469,-77.1971806694263
2.455766554262677,1.4244196177656088,-57.053413869752355,-74.37508185162186,-76.76647919871124,-80.81709266259034
12.571739427412487,0.3099828895308554,-70.54137136273096,-64.67548462790415,-80.50637538797467,-77.34688924218156
16.376924295380682,15.929613865145269,-77.84883330370778,-72.15080878248881,-70.067392898677,-51.35918594480504
0.3608883399252072,3.108506079805986,-58.64372115192846,-75.46837574130093,-73.41914217579675,-80.34770033752619
8.176540760941638,18.619216280593285,-73.00990188122249,-76.66235283777712,-61.054655001963816,-68.62501641051837
6.632881102732348,16.054663648413392,-69.73602461270379,-73.73418711984324,-45.8330657203672,-72.68466076918665
3.422248889894579,18.77088766375602,-76.49901843022265,-78.63730081081496,-50.59773030735657,-75.92382641380985
10.619630452556079,17.25445568284728,-73.16555452827586,-75.46687921221807,-58.78954776092042,-65.083705795559
10.674869525029075,0.09493703546684662,-68.33424184404997,-67.37545557394532,-75.53317688322952,-76.23054113305011
9.737596723115773,16.362026287850643,-76.0185107481383,-76.46989818898494,-60.51784913616045,-63.70084626618713
0.6182003553026072,4.471736691099344,-56.25386803455773,-74.5507779943161,-76.0896909885972,-76.35664394274663
19.700960079228576,10.504625327193459,-78.49545488721351,-64.596793724688,-75.19450488386632,-68.42587021654694
4.513593439145554,19.013953805824592,-73.93960954224568,-77.79229351594907,-49.939314726173464,-69.6042285199027
18.867081262277182,9.874801137359324,-74.51169089441866,-62.82895536698723,-77.68097761375574,-64.94443064160119
5.206612436443807,6.890786257450885,-50.732250033324775,-76.62148604973866,-72.2134695792414,-75.3017392134576
6.868423586134154,7.280171962841575,-60.36530015815172,-69.90478061056272,-70.69707168268465,-71.11708562150405
12.387955291945138,1.8690881607990528,-72.46945615173838,-63.89201008627352,-72.7244401631504,-74.57870963803005
10.053830328993348,18.327411072658077,-75.0328148151102,-76.26029176091444,-65.25203347238534,-61.70663162102141
10.556731733348077,8.713560648855154,-68.8029483340275,-68.33769258901371,-70.17013666340351,-71.02772582552537
18.148496581816982,12.082340213485523,-76.24468851672685,-68.05769537779308,-73.26499613173549,-65.11657282012236
5.099730639510145,9.147270521770178,-63.079795502954646,-75.4605001801839,-63.79104536878456,-75.43278803208408
0.48671639705027525,12.678033617822136,-68.82485231742555,-82.02410304900982,-61.1396376711109,-75.65567014277894
5.724398111640414,16.35635383772939,-73.91586190197485,-76.05406603589813,-43.65397414254028,-73.37377889728532
3.2531725219359298,18.517885153122855,-73.5367048384369,-78.81239295912827,-52.198076301178844,-72.98734923200082
15.673807649281972,14.955598811145766,-77.52575828557885,-72.96221906626155,-71.98104880670276,-58.09167747932408
15.046911671384429,17.82870157777305,-72.52300898326622,-72.25903761874366,-67.99453286015411,-32.94751335365474
9.451973300010545,10.122462579760821,-67.90898034344814,-70.90717265559208,-66.10217963184324,-69.0989379190912
19.056382637701006,19.461259079064487,-78.09077847387717,-77.01505311695986,-74.98136438924867,-58.38496146143791
14.432562336695982,5.842503377447827,-70.01298620620702,-53.486917631061225,-71.94555474671715,-70.60312181604976
15.1939476112621,5.205071393170703,-67.26146945713117,-50.99279712146635,-80.39729550661319,-72.21237847830426
18.819943578856464,13.432287388483719,-76.0972702226966,-68.6696834871509,-76.67746031570391,-64.7460730470486
19.437165060251647,1.88312875777072,-78.38497328118429,-55.319051222236226,-79.33887468216365,-75.97296915284245
17.57794714725572,12.248072589053756,-75.97147248639668,-64.26093277113792,-71.61413860281127,-64.75029974262343
8.939420476717025,17.336313465715932,-73.67702423089388,-76.16246843463189,-58.72222335123181,-64.93312356472902
12.388501635944937,17.399955554820107,-76.22312578345418,-73.74428111983619,-68.94242490975914,-53.39136293870128
1.7111931957568816,1.6805425811677632,-60.64239504866813,-75.82312060491138,-72.6472181943407,-78.08832234762762
4.110172856567962,9.543832102349889,-63.16010662157916,-72.05238503558894,-72.12352862698486,-73.74597462799622
15.459620702794922,7.526245116774382,-72.89891339631252,-55.70051829107358,-74.64366553062074,-68.48834292374039
10.512088764259556,12.525059955601003,-69.70785327740231,-69.93591871701902,-66.27578277725394,-65.6235547363211
15.709745307989301,9.266422009040667,-78.05129191270468,-65.39409399321505,-74.23393141760364,-71.55627585552247
11.385513059777395,19.372801585566798,-79.25366462025401,-77.51628483317923,-67.75344597294225,-58.73127896913978
1.7179264099647273,1.1940393814260886,-60.326442593919715,-77.01651334778641,-75.04638033921191,-80.18322862127282
5.837920014824681,18.88401636302465,-76.01162228253736,-76.88718787091543,-52.20851244190973,-67.18934549529986
2.315245894532576,16.68059597408686,-72.69578960439159,-75.44961026818034,-52.345036038771134,-71.64031470782815
10.379508432957278,9.22746005266415,-68.65926902869046,-65.3615149344233,-65.55261066907066,-71.8266291337377
11.044395508836015,9.009204636286793,-63.92551856282041,-67.46273386881687,-65.62033766270514,-69.64620000125345
0.1705484024281212,12.33801978825828,-68.31343028574767,-80.23662481999355,-61.89517546160026,-73.53038684517817
14.000049772031867,18.731024287814055,-79.91966368125298,-76.40823642335467,-70.86949635672148,-45.0997259519042
10.553096774386795,1.3785365274672734,-65.11173050571193,-64.88815586940758,-77.92485268658426,-80.38802681641666
15.107824510592035,13.539158065254373,-72.8793151735872,-69.9695589745447,-70.08700398613887,-60.32326021918938
17.07120472060285,4.119697079804281,-75.7988291094113,-22.932225659358544,-79.56161795975845,-74.32752498467917
12.981569315500428,18.031785748902752,-76.67427797956783,-77.2357863383684,-69.06865402151897,-57.06931679234751
7.380398788018687,11.493231628791696,-65.47165650933334,-75.41158528569412,-61.28897946300973,-70.38063369040033
11.984231354226935,6.888875352832233,-67.69534168266134,-64.17909149665569,-70.67059275366191,-71.25730494121409
19.466559087207553,6.959993664586504,-72.95807714399018,-54.73582128209498,-78.78726444979576,-73.74314387395309
10.615149715076317,2.8045384083639013,-68.90603680688642,-66.06081180639688,-78.42173019161497,-75.36122436156035
3.3593293466932628,15.877594617016648,-74.12434904782639,-81.46853634895218,-42.324896661116604,-72.61863960395051
5.1612997998790755,10.446864573243658,-63.28760736233764,-72.80587986004011,-64.25744473575945,-73.51023702404208
5.39239269402769,13.29935857650219,-68.9412289336869,-75.57543538544057,-55.44544571044926,-70.86059261894076
18.3875735077354,4.211236191549876,-76.76161388389234,-42.86871762666991,-81.29511197175704,-77.44211966596146
6.466165434949243,17.3603319559024,-75.68990488591989,-74.61977370842547,-45.5678775005306,-69.09960392326656
16.23234263631691,18.06773367548009,-77.48270981125803,-73.6660942683256,-72.98590196890633,-36.804425400183945
4.849038892862369,7.3230568051483775,-52.87620123991818,-72.28663790369438,-67.13439421385897,-73.71869654417048
15.974484816357155,16.233079065018128,-75.25189752587461,-69.65327829266107,-72.0097647629872,-48.570845900246574
10.133987533954102,5.469369366976709,-67.69002049174152,-67.07526814586919,-74.7136382669861,-72.23483758217273
14.97490099464325,1.6014046798967674,-73.13993091010842,-54.40209819161546,-77.98264891653203,-75.19352111837888
0.5097875287339826,10.07703020112192,-63.05504149715279,-74.43404968862136,-66.35266594941187,-78.12130931322498
1.6567155546980095,8.777778438008848,-62.22602722504139,-76.89238211330762,-70.47663235892519,-77.22175063474803
0.8906680661009503,13.813041612499967,-70.47106564574953,-78.282684555533,-59.091488567438915,-77.583394992459
0.8712424852837519,13.865499138406392,-65.33194933751012,-83.2492961178215,-60.57498443538169,-72.14650489560792
8.78135875529194,10.273688603763983,-62.37871723640134,-73.73665199924751,-69.65726125365984,-71.20454232608152
4.803381747387466,4.13515597394762,-46.04611402390417,-70.79471692210488,-72.34376204127769,-76.5752844835682
19.23001814920599,18.38557227201366,-74.80014173090765,-79.40848128387198,-74.0478231714187,-57.1963353585056
15.157422443208082,18.376200787931644,-79.44098519348343,-73.71756673490434,-69.33494329311999,-28.041935118805643
16.162990389578262,10.052609501898871,-75.82369053575631,-62.18644383234649,-72.49696956741131,-68.14556513477967
2.0784021305757694,12.19737846382059,-65.6746288055473,-76.01786011032507,-59.06009433294231,-71.82513152100627
9.411367410776641,7.33785637786311,-63.58162260777667,-69.9816848600155,-73.36193379251631,-70.27370692819059
19.71055580469137,6.346501556463442,-74.79417736834993,-54.74622533580636,-77.60590931995591,-70.35986203449353
2.0995829094568186,15.751692416151585,-71.04149693758764,-76.12960542140449,-54.993093436220185,-74.60864915082436
16.243612614766437,0.5445743234108757,-73.03359347668541,-57.68927557218488,-81.09748106425299,-74.09036843626276
11.729942551958576,10.716782423321858,-65.5482442356679,-68.49405422192747,-70.03298819792944,-68.01868832108045
1.2183280544710806,8.400566658659098,-57.997785728313424,-74.9080509491495,-72.02287615266853,-78.99199448023971
0.1536717976830615,9.80437248337793,-63.27514979591843,-74.40651131844588,-72.87616542918042,-80.60755784182791
0.6685492526909909,2.6502157539095994,-60.544737873119196,-74.66210705904963,-71.52966742064545,-79.6770861137871
16.275391160802876,7.604644348410929,-70.74979435122006,-54.123579385986005,-71.88532694483769,-70.49588323858929
2.4754798737682937,15.843192780188142,-71.88092421067925,-75.9640953506024,-47.04655562699832,-76.35971482743602
18.15394541712348,7.518187621973327,-76.83050861842862,-54.26243002540259,-73.62441575743203,-70.05760656122736
3.0879654162202774,1.1590704944920538,-59.94385357458815,-73.2144173815236,-74.29458697674585,-80.74181943858092
4.7939350921254835,4.302716503218045,-45.89955120090482,-75.39550548476967,-72.56851785815472,-76.88338307726225
11.99577266933337,3.9147457403669406,-68.63317217161769,-60.88943451747738,-79.29591962374315,-74.05547246366451
19.845296050630726,0.9254261947885278,-76.3095280552325,-56.65470356899697,-79.66351028295135,-81.86167607016722
8.800930803868264,7.616364077645437,-61.677320060029565,-66.33222565643429,-68.0904879460901,-70.94230356838723
2.33844469227646,0.6768272563976319,-59.63355895877872,-75.820737576904,-80.15698230831917,-82.08686496479615
17.71307675118956,14.315740464876182,-75.44513194134812,-71.33559142550597,-77.47776895152523,-58.82233705690941
17.760667081926943,12.393913531031941,-75.65108370876194,-69.9104379736039,-75.18157889836942,-63.12004345568251
3.8073463421453835,17.70745741705635,-71.6702669063205,-79.44558045910134,-44.407615863108816,-75.21235441951973
14.250171546701571,7.854624043329206,-68.80691294914648,-59.89025765358583,-76.07390086715506,-68.7839842171301
19.536315358483996,3.164487291358593,-79.69152722578048,-53.78831700171855,-78.90863543370178,-72.73097677066413
10.26876536883278,15.258378238540384,-69.24951849495639,-74.0101527441691,-61.312294601250926,-62.20616951558079
6.0151603412500565,19.02156584685921,-73.69673724856766,-77.55271833510304,-55.43689348605794,-71.54359662901206
18.83191556629344,2.4182257280465835,-73.68876788325053,-50.43882578681431,-79.59178326778259,-75.83030864404505
9.946027424386216,19.910269499134372,-76.01283312001576,-75.3681459784488,-60.461075228825955,-63.62988762510349
5.92635580983033,7.548460729365676,-59.40507375949557,-72.46208101899995,-70.63577171405281,-71.46042506183402
16.640107523322914,5.013107686533034,-74.14039039084597,-34.31220534492529,-78.28773511510467,-74.13364200257631
2.4309601790187285,7.298471076576394,-52.288265933387365,-74.40300019843282,-68.1550437918397,-77.68101241230222
12.501936742377131,17.979508136796323,-79.57659428379257,-74.2413787363651,-64.19594715168384,-55.434078506683896
17.49854334976292,16.143347316370956,-77.23270094851681,-73.89254826267084,-71.2171722815128,-52.38271039593988
6.187926355545425,9.50455813107785,-60.2503744909042,-74.27336692643081,-62.498543895983524,-72.24521962512414
10.066025422374311,15.612103230992972,-76.37985813969901,-73.74970995419339,-64.8721167645218,-65.37978748794137
16.52391403895506,4.920848357820693,-73.69180282211397,-41.57138890628375,-74.36768222375761,-79.2145143209591
4.14667825108975,11.892688803659794,-65.53663235950381,-77.68626198336933,-63.223802298667316,-72.28053334637531
13.782691980530881,5.70005264943958,-69.75309614409856,-57.37898736091426,-71.15955372587024,-71.15710916482759
17.921663926704973,13.725695544095835,-78.8801607396313,-72.60799521195922,-74.6805613854244,-59.60934270141043
19.018838456467073,11.85157796382934,-78.17783815551722,-68.63053250788039,-75.70724123594786,-66.42250816723113
4.0215226834684215,6.0820987430536055,-43.20565262251544,-73.49737672483246,-70.1009153768754,-71.44105879956216
6.660064096481784,1.4659895262226907,-61.617940755638884,-70.83406249319563,-73.96167837511172,-77.15983276199147
2.3799660585994564,4.1080375007831655,-42.67637834900001,-75.71954620586727,-72.4586620322926,-77.28457244799154
11.601935961621786,16.885244203948123,-72.44133539276825,-75.74932315327918,-68.39832666425569,-56.87203036219162
16.475213779534844,19.755562237570363,-80.74599507132068,-73.79772450886927,-70.3215466637654,-48.87270184440228
7.0082138452133735,4.036678096336033,-55.98571552505161,-72.81732977953273,-74.27757205063642,-78.07380409442487
5.34856476155789,16.651993802836984,-72.53887770808025,-78.6626661225761,-39.4834254238107,-69.7535441039388
6.972188988812295,5.837432523061872,-57.459905151174176,-70.32575429179036,-70.86260277121929,-73.40380525596379
19.998170406824528,10.525611040030649,-76.55722129001289,-67.00427665575812,-77.5694890441997,-67.38549311868663
3.037098934172602,15.041511751420607,-71.30646763385468,-78.90730150284985,-51.635715514063335,-76.6177902050491
4.918221235775048,1.0673218400766094,-62.116195582463035,-72.31944916180338,-76.516157605278,-79.52907723310928
7.567658917577697,3.141091647787284,-59.32188204402945,-72.11138925063545,-74.65038652274694,-80.98945073598479
19.747840056112253,17.063930942853677,-78.96316511941158,-74.59917640697408,-75.34500435163916,-61.42254449857734
13.772021535093167,19.169061063667705,-75.29274760466292,-76.5498730896604,-70.48531117569016,-50.393231039006295
17.607469756759215,1.6652983232531304,-77.60206475646577,-51.48417254869964,-84.60846851068753,-75.6370425853837
10.006769543803744,12.875880323935906,-68.82810120504652,-69.81365455434687,-60.51468699086842,-66.5994924475275
15.421375088915328,12.623795446077168,-74.3375562709182,-67.61360983040863,-73.7258152503159,-63.32431282486008
3.6348099770709363,9.439529727541807,-58.096788823715684,-73.8271938046931,-65.77001880101906,-73.84316816710927
9.357611828677426,4.727067697823704,-64.12938245364147,-68.66439337903356,-72.19681970117324,-76.12350509347723
7.564515327006804,12.279435625865977,-71.40180964387397,-75.81469453600347,-63.50646561271393,-70.59078669829043
16.5626352288239,1.9056712613417326,-72.08148309703994,-52.16890374361938,-79.2258310981974,-74.18300971672222
17.947482560608755,17.78387380586258,-79.54089880058298,-70.78290684628081,-72.40368693401335,-49.19454809161574
3.597247917714721,2.2205120972039794,-53.862103845362334,-74.21915472105714,-76.42237957414964,-80.41323658309048
12.882087595383386,11.708235736814153,-71.16992950874953,-67.8119057835948,-67.81593074836827,-68.33942110387855
1.2785383119344718,7.596217139235586,-55.304973783442605,-76.0969309681895,-68.47331893867063,-75.74087555568504
0.6437233961503197,9.25937654417355,-62.20695687643915,-73.79364845581063,-68.81181048860591,-75.44597174111692
16.70279054049813,16.88534761459961,-77.12437565740284,-73.5359804504022,-70.33703373756695,-46.3661872457298
13.384062978808178,16.491624365325542,-75.69811846155497,-72.83259667489438,-69.83750330163471,-53.394403010734834
5.797728093391125,7.578252751921766,-54.575884547089075,-69.65819118151674,-67.59165780421554,-76.7823856165179
4.374433581861608,10.233091712697071,-65.05830791647699,-73.77430102200991,-63.34481545535598,-71.29487926343754
5.421389487575768,0.22227406608449574,-59.99720940800223,-71.36662032431454,-79.36187542699155,-81.3852981566426
17.146796700882902,7.959215477433492,-74.68411413259425,-57.1936369205397,-79.17338159888067,-71.61592288173627
1.5000072876043102,9.493711334445718,-61.58996737757427,-76.76304458166408,-68.70168604357289,-75.19380971253342
10.844775272638504,12.193357403302343,-70.43535312573037,-68.29072331168152,-66.84054885320359,-64.12248591004236
2.4702818068407795,5.007855485190575,-43.06132867249316,-75.43692104771121,-70.58548194775604,-78.83944936057271
10.436812733551806,17.490143994197417,-76.4424710456477,-78.43097771710634,-63.12936115916127,-60.346340349094156
13.49235101234222,2.9282221850203105,-72.32810432194314,-59.80715173656816,-77.94555452725973,-78.46689562469894
7.709744669130043,7.793214911314619,-61.79828900133274,-71.53634159500942,-70.37367599498091,-70.1269444863562
14.459445680712712,14.06840172138219,-76.44713066882845,-69.16808774535414,-69.77494800452625,-57.24141291938884
18.828025318574046,17.027338691431602,-80.06247745309379,-74.17238642229945,-74.27624041243767,-54.67478050285014
18.541096828242274,13.981866385439734,-78.90542193615217,-70.10328510196419,-74.2437311879896,-63.00296323872737
9.818758172804147,7.773525056498798,-63.63221016905506,-66.45063551944841,-70.35957546344645,-74.65850509446254
19.13270238362618,2.1890016541294077,-77.14436694151009,-55.17272498530808,-76.77050544804816,-77.95325283251303
9.410172139045123,7.254768784332047,-59.446592291990534,-69.36636454987335,-72.13575544603194,-76.08033523214996
0.3668436043297274,8.772889966053874,-56.91180510119971,-78.10506023361361,-72.55414487143467,-80.61009398348709
15.941381479871701,3.7754371221762795,-72.47836097476078,-43.04938448500818,-73.73412174407817,-75.68332786740065
8.01440417384846,5.9734535265017,-59.64597006227787,-70.50288937704354,-72.87376908219525,-73.95592305949332
15.550358734311292,9.889101501384935,-78.22245608665355,-63.55175740871528,-73.63364281191232,-66.63156868790111
1.4106453496679894,3.454267154700832,-51.81382718077942,-73.1058774903688,-71.7668074503602,-81.04854990699559
0.7854984118210995,18.802534127116367,-73.29936870683326,-80.39923196092433,-60.14844049655097,-77.2017340279454
17.757588749899874,4.832663828404355,-73.23626933199758,-41.5713859436796,-73.30058600555671,-73.74068014465142
2.5704781469035454,0.7321562941703053,-60.065629252872775,-77.23893584193246,-77.17172179458018,-81.18628771185911
16.606277960179252,18.638554626250723,-78.08481586509886,-75.1443751929176,-72.68770149825683,-46.154271685356655
15.207782569348943,14.370684507351395,-74.60048026372024,-68.3039745349185,-68.14790229521516,-61.32065797691962
9.894548849578598,17.365861671704213,-73.30539511224485,-71.94705407693235,-61.690451032679036,-64.63559583947404
6.515620754595939,10.463408830186038,-68.22934126759168,-72.88714903812095,-67.94122773904145,-74.1829144360675
2.4887988513223402,7.9428698190298626,-52.07726600545791,-74.49066072736827,-69.5125124093113,-77.83903846672033
18.25371857448588,5.698511653145335,-71.89497421536916,-47.04496289812737,-75.2379208692983,-76.41664993703804
18.955386237170856,7.747431410893104,-75.14682732697835,-58.37310531677321,-76.7986869714896,-74.13603637150176
15.641291908409675,12.38519318198466,-74.56690929751245,-68.71582233604778,-71.60461265701217,-61.59407349072409
15.04629970580336,16.36477430708637,-77.56469530420945,-73.78255596324202,-68.14291005263102,-49.84879122520815
18.07584864584535,7.56975630774364,-73.4944225200751,-55.91345016750406,-79.08049308542043,-69.13141959428674
18.026375257976476,4.985985378268774,-76.27593868032038,-42.73622506093479,-78.81567284362706,-77.51203905144541
3.6016764742007834,2.8397872724144224,-51.96973407505605,-73.3432222533982,-74.9203592636481,-78.75645287619176
15.5292701324106,7.712660610744053,-72.73374546296164,-55.451382400968654,-72.32573346712499,-68.16454087964952
18.54559530430537,12.92721558991646,-76.06477131388678,-66.16318910726707,-74.89330100098329,-61.618728901142454
8.678649637043756,2.7972825643142585,-60.64122418474778,-68.1040737360794,-77.63624172810859,-78.57055811393853
7.1480565232154785,4.112934070870178,-57.33716810620534,-69.900405143423,-72.18539681928428,-75.81810320174685
10.195691943794591,15.327439545235555,-72.41389599147105,-74.44473743058587,-59.95680428847194,-65.68222661821984
4.512236022599819,6.418979524369228,-52.29819039175579,-74.02296503014355,-66.71516547299483,-79.11644225128954
1.9148969064534804,3.7263952154419933,-51.64519977643768,-76.31895689785219,-75.95014495938345,-72.77666808453759
17.62859511702824,5.739341268944271,-75.11752625090563,-42.308104627877995,-77.6559875162529,-72.90475429240196
13.85744846724795,12.69466753482655,-69.75541699781347,-69.11060241962466,-70.08420063975746,-61.43960983168507
7.030356813478393,15.233794121536006,-71.85819076166146,-78.14751168090724,-55.01056902736226,-73.46605816028506
5.510509582286442,5.4661780761128025,-51.11828376874163,-72.37164637624133,-71.0859760308156,-75.73154367565711
10.404492090837609,10.751135090031681,-69.55516045345492,-67.30991464042833,-70.15649234360417,-69.77037353171087
3.533895937549636,1.754208598874214,-55.10845843825281,-71.62081159691057,-76.34104052256711,-79.37087078301766
5.946213389843821,8.814147999717822,-59.69244007764565,-70.58197806928139,-69.84648642190521,-73.55352030112094
5.195646489863819,14.762230033075571,-70.86311552241513,-75.27298578308074,-47.84693165355209,-71.83898693096232
14.473685791724634,0.754479136788293,-71.89195497157068,-62.151035437989336,-79.3130740958217,-80.0212765176146
4.7381548233026205,9.386655619946819,-59.1615248171463,-72.04769702364969,-65.05070949950213,-73.03024266065219
6.9765783346038575,4.577327097072348,-55.77222449196125,-69.88836822814844,-70.1666884810755,-74.5593915717599
18.673723491563013,9.995382908709814,-76.98677323142776,-63.448886181381056,-72.79519888898339,-69.6966411540317
6.875352287174921,6.250636784616139,-58.29543854239579,-70.392853811116,-73.32453070541597,-72.48995991601808
19.390318146849125,12.238559208242217,-77.59238101313711,-69.62161577703155,-78.72186118388544,-64.7895883678597
11.379400646595247,3.6458520101836456,-68.21712831134825,-61.50897498520567,-75.25870287501911,-77.21976098453997
16.942045986124818,13.61621127645017,-80.06172122228166,-70.27291289322196,-71.79608452309942,-58.299610473663925
18.156479156377543,3.7143308672768693,-76.29762406720903,-42.18914235604653,-79.2582535796031,-79.97475329395454
7.143806430560147,18.97594906625289,-73.17518931485542,-78.03726795582381,-54.9334089400029,-70.59917646627737
1.18573235566924,10.721657648836942,-63.444685642206295,-75.5081331807004,-66.06759151501053,-77.00058892048685
11.530120457803548,11.91200939326471,-71.82149434381802,-71.72345761024006,-68.02734662552636,-65.88337287704093
11.707156297195645,12.66659310153667,-71.07618804359599,-70.6404240215045,-67.46083991132949,-62.092899627777655
6.320820821472129,19.592133048383232,-76.32079368477767,-75.16950936862496,-54.00477302222744,-67.2758172121793
0.8857361665772956,18.310794851034572,-72.53528693902898,-79.678738860904,-58.08336324499961,-75.45241647967445
11.274473605271112,15.441937047582892,-75.7147491628407,-73.88552579453827,-65.8217500809521,-61.52192100566614
6.430179410710714,3.4444880478596107,-53.362492230254354,-74.18094644520231,-73.58215768390188,-77.06613628343528
16.994699871346874,6.98984071803094,-76.71766124545323,-50.61172912233114,-77.47850059350576,-72.11158907202125
13.052352933674179,15.048875903158503,-72.05980537359696,-72.4326306871096,-68.91877059564321,-56.4836005163038
1.1855234530219683,8.191669168207946,-59.586416700456915,-76.7726486073774,-72.90415316944271,-77.78952408699018
14.331764144391357,19.439600593959575,-75.52513368444099,-74.53557131567251,-69.24457652109976,-47.4416075927491
11.065316830735645,4.038805849185458,-63.384268280495554,-64.6751793098812,-75.47598813351985,-77.31136635283198
4.18444111987605,4.76220590643103,-35.28525571198493,-76.46013948993316,-70.0714039795223,-77.62507107885821
9.29455629257826,1.558136833125241,-65.50508804891895,-66.40458191841608,-73.03230830199642,-80.23628015334008
12.348863927011397,10.784449630050377,-71.75349481916251,-65.32392072341726,-71.26676934905161,-70.34708280417149
3.2765526884513863,4.980626683663827,-18.636001959804755,-74.6598843386164,-71.7182704573515,-77.92698360523747
10.790650986879847,4.918964607375791,-66.66271985417075,-63.82161197529699,-73.0018968943008,-73.11127037290387
1.1710408867472921,12.408798866625936,-64.3079985795179,-75.85876867879787,-63.808307132773805,-75.05277774252555
1.3666260597607005,1.7744163087066878,-57.43195330250709,-75.5725674819131,-76.90639271711193,-80.71253920048599
8.036481527140868,3.6420449793542464,-59.60851407388551,-70.70997547340951,-74.17834526154158,-76.54748539769771
17.725448374179603,19.781846145062417,-80.74070792103548,-77.75243395625138,-73.84609307610336,-51.0296194634761
19.700442009830642,10.481196500965673,-74.33252179421886,-62.216755962569486,-74.52208053167128,-65.93120579411541
8.833544414453904,16.716567940053526,-71.61891050388785,-78.64204646479841,-56.85923081433682,-64.78137952985972
10.441368635524553,16.170083707553097,-74.27604183529864,-75.15655567376264,-61.61079604621591,-61.28275452819088
16.609843683442847,14.602907512717083,-78.55160288741455,-70.30816808016534,-70.78986560693399,-59.32057933375
18.522735328887546,0.8002362063303337,-73.62350732009806,-56.29218364373151,-79.2374570381392,-79.87685368348596
15.339529342871685,1.4796279685930913,-74.38838478896318,-57.93280476997409,-79.71984987627206,-79.41535049439254
1.0162400236992863,12.958275093397999,-69.23184345985854,-77.42639465057259,-60.580979019957745,-76.63222273527401
17.220309082326043,11.109418836411667,-75.27392511592632,-64.63653645356277,-72.77917644819505,-63.024864435350736
0.3133859769289704,16.530883574655697,-74.19210508856008,-81.10350910287694,-61.0720417691712,-72.81457546955657
5.648664588280954,19.729428554144,-76.73204077798204,-76.55397461637338,-57.592110207189,-69.0896675343815
6.828493171961716,7.002917465434453,-62.3364834489968,-70.45178730327409,-70.44336546273453,-75.23291319578607
4.025259138366321,9.720277725395794,-57.13470832457029,-71.39331934693772,-64.83009987613926,-74.26460518940328
13.972145624050075,10.942764893575472,-73.31431973634811,-64.74152720825394,-69.13698411631374,-66.97039863408811
11.335884982762789,1.5093183845403368,-67.80949900078181,-67.22904845567778,-76.17484636375889,-75.35903398480797
0.21625190972060837,7.508066027041808,-56.48581882966206,-76.2760446798411,-73.262162512622,-75.61127124529587
5.283406982662065,12.710335924281551,-68.70977926199066,-75.53866936967785,-55.9056342549058,-69.66621246147147
10.558669769979854,14.572351890555277,-71.41455241883354,-71.74775003656163,-61.36132905983113,-62.810779649994856
15.158746860076523,19.02982815762497,-78.31640647544472,-75.65996319405524,-70.80855735998124,-36.4527363787978
19.22884818625651,15.716721208346687,-81.90037308315857,-72.65206691570037,-74.94290497282243,-58.22648454885661
11.189836742718533,16.489369569329178,-76.0096440134675,-72.8971166599326,-66.1574593737953,-56.33839246644441
18.839478421322106,4.885133784796847,-72.54896072116941,-46.66200105369994,-75.24808514891026,-74.93252964263365
11.461759977222224,7.788298656217256,-69.12131911660754,-66.58628935949461,-71.04199037991373,-70.54947968700155
1.0515781242315625,6.823473742383015,-54.664594510132524,-76.65024764828912,-70.27590832839437,-81.16667529699924
11.961200301525412,11.190724380540962,-68.95470494964222,-67.91471136792809,-65.93757965729667,-65.01810634718092
11.872318259600132,4.471085540149405,-69.22836686982683,-61.088986748221586,-77.44565429128565,-71.5721159032647
11.567311540931374,11.322172935313237,-70.83491821563176,-65.74998135270526,-68.73575115644269,-69.91320760581871
15.387818876992423,3.4838854289599674,-71.29417940862383,-54.09591991570787,-77.11659196675815,-73.50519785753379
2.0430064665681336,4.5124875638676,-46.20368559674434,-78.76332560051125,-74.99909668699968,-78.47641499766391
7.04126357392173,1.2181649683511164,-62.093988324389244,-72.9306650409892,-75.1419923038311,-84.10303031149304
8.998850935704208,16.585124002826547,-72.03831505900183,-73.41400551891242,-56.54195849734928,-65.95813827498274
5.98092107863232,1.8445054115279191,-59.11944787489695,-74.84452061041219,-75.22322813144262,-76.57579272758744
5.634013708214349,19.697041064085926,-78.91036273538047,-78.50046371486204,-57.64983990873343,-69.54987901366785
1.2809203370591993,0.9751279452482087,-64.01752828818425,-76.3273779270225,-75.76113120787264,-82.86313630757417
6.16471287544247,0.06238736135230072,-63.74441388194017,-73.62218911015962,-80.26231103517962,-80.87813227026628
1.9095226484548955,0.7048297184774865,-57.14264497964272,-77.12705862987745,-78.31495239900772,-81.9019284615298
5.389891354849445,4.945574136227922,-50.34568518857432,-73.90181340361987,-68.91223866600603,-77.84034928014648
16.459798185103757,15.609885675319504,-76.59982554733578,-70.66483805361497,-73.8115751936698,-50.72495473069414
12.932600971630269,5.201989187218013,-71.3984907301835,-56.03308608940575,-74.77035026365016,-74.4701215230514
18.604641370945714,18.328653886606002,-79.02503372173163,-71.4211416964103,-74.35398572005646,-56.76836636411082
2.868466380510637,10.39406902461267,-60.573604416471646,-77.67311876727024,-60.035158558257095,-74.6816548358178
11.419740820811299,7.986192250909825,-67.0215802665595,-68.28861117018226,-70.42856702746559,-71.8422032627305
14.887342734469044,10.234524921002961,-76.24756738288646,-63.575693581360895,-73.70878770766741,-68.39364916686843
15.931978657121348,5.815357772514787,-76.12280324492338,-48.639381462680326,-72.36474258880767,-75.30088315006827
2.579579299107413,0.24967227143248172,-59.54244735565838,-74.38161425638555,-75.81831325154938,-79.89686237455007
18.596136526144996,8.88275234398369,-75.94590684487157,-57.51065622066016,-77.20514025618895,-67.62709189736823
4.334468349558504,5.013993081615691,-41.9021531275163,-72.77709336937436,-72.49368203070618,-74.83103494515565
3.926950478778448,2.6999163548923377,-54.34089888347672,-75.36069087768304,-74.95579500509352,-77.32247853572449
0.5636443099875144,2.8576680501376206,-57.14619392089371,-74.57565424271468,-74.92067659949427,-81.67194133660341
9.247246243477253,7.998130186145449,-65.26134973230724,-68.05471593290535,-71.58807388846903,-70.3250153620378
0.646149207805764,3.88664419983783,-54.04572228721509,-74.95862848163328,-72.21487188273444,-81.85252130157347
0.9090676823856447,2.7918083175745623,-56.76268009410116,-76.75507827222255,-76.49155641936069,-82.14188739593102
9.223423056684139,9.08801089257706,-65.31197496968925,-68.54687523512236,-67.13491271832741,-71.59818328032225
18.578903506455518,12.410263145339789,-80.84472486520944,-62.06220520347579,-73.83646749880504,-61.93866250921171
1.7457251212098779,15.085877109487505,-73.6403047719728,-75.71435106112737,-55.35643322672387,-72.21556417934003
1.7223209442683363,15.395294994622493,-72.68739171435791,-78.64778548457328,-54.39524626339787,-73.00814615005517
11.075347587852665,4.633506447518387,-65.2004370005532,-65.78769682923286,-69.67979154861149,-75.53167202929379
15.275253323032318,7.893247893562798,-74.581108892547,-61.32641651137319,-75.17942689919778,-73.35809962734965
12.111580002724311,2.22094804849861,-71.0100280466825,-59.42217549135948,-77.41205290275788,-72.45123160302974
1.3480090655564836,10.88992107842024,-65.59348053548582,-78.47079454014133,-63.11022210853607,-76.48488297162046
19.784191767134274,12.246157964647225,-79.91864253621812,-65.22768847845244,-76.12773335350562,-62.419387934986084
6.885938298389038,14.105450804040531,-66.44296294543625,-72.75247125855466,-56.254142869736114,-69.50519754096601
1.3042456727542096,19.311732216549608,-75.1005614097096,-79.9571458443588,-57.79723985709994,-76.11764144991177
11.306247059636455,8.274773473558856,-67.65248786716323,-65.21669310985591,-71.68975287415486,-69.61775397167126
18.532849739308322,3.577477984084203,-76.1240203837183,-44.583590324262275,-76.4802548827921,-76.09153431290335
16.284008423289155,6.211589767738022,-74.6599793193408,-49.53786175903201,-75.42150582824446,-71.91404990516261
4.176895637328741,10.126594877929397,-63.079691393066035,-72.95028137992949,-62.48194590312892,-77.67147574305389
0.8044773830660423,17.125101951473326,-72.94936089034428,-82.21980123848746,-58.15214634558023,-74.10232924311676
11.05771831884419,12.469687670134437,-69.26692366699413,-70.08180069298211,-69.64406241994519,-66.33215866959499
5.535631332636754,7.90085686070354,-53.246974268809545,-74.82159683285659,-67.85178545268855,-76.90345859631286
2.3308224845172676,14.789842376374454,-69.63911354084996,-73.659262128031,-51.35309173377923,-74.53995895897133
12.51400313957459,17.16178942183871,-75.75902339064368,-75.8342464343174,-69.63107878264422,-57.59946023303689
13.62994243855997,1.6145165204297385,-69.41098148826929,-55.58564813861272,-77.66330009846416,-81.5441158512244
2.570379925766184,3.3794093897568978,-47.84373142189706,-75.42208775351637,-72.21876935001528,-76.67488092378926
15.800424085916378,17.37168689912813,-76.52896387755892,-75.44522173793725,-73.7481826172513,-39.97956448805526
6.720236638280921,14.259884035850352,-71.07224262283437,-72.93462201631567,-56.65127693086708,-66.38039751591451
14.245028040609949,13.95093811011392,-76.32368111120533,-70.7354100630301,-71.52357044010589,-64.09380475342057
7.809400073032036,18.238543573706693,-73.44788283755695,-74.37689235080697,-57.01657519885803,-69.4040917795636
11.117601840497057,11.421990661592702,-67.87323549020525,-64.54330495918033,-67.80350014465618,-67.97996467874123
5.296430556951481,8.298333599647945,-58.83475532696077,-71.9446945989749,-68.28445485311086,-76.44460632533378
2.063583034615275,17.65838868027097,-72.73606610475771,-78.22705359289733,-54.9528869814847,-72.00123430517623
6.462809286284448,17.850049823671434,-71.87349257801968,-77.00060520365447,-53.101866523964524,-68.56158191391815
14.752546436104764,14.27411407237447,-74.81441719399521,-68.91064583351293,-68.0805212317428,-57.287226072950745
18.774593853501024,10.778537906066738,-78.82021169389307,-64.76248652068486,-78.56826138995964,-64.25944454844182
4.673133516147596,0.40311471589706604,-58.63235075087916,-71.90547822970912,-78.98018854617293,-80.35600009499497
16.949158954184803,10.792618005500099,-79.85929454322056,-64.93712713224683,-74.87814997042327,-63.03177711541535
19.419738437192606,9.127549236922217,-76.6351843494223,-61.04337097719154,-76.39251303073317,-68.64477701356499
19.079873693103238,11.885991553092477,-78.6949312024988,-69.30497550466661,-73.84063081930738,-66.2401405875247
15.6084583367455,13.216341880925873,-73.76654215571615,-67.42161725212063,-70.93960593277681,-60.683652940164045
19.739193892216896,9.828549473013407,-77.01654066031375,-60.782606605296,-73.72984339458372,-69.41741278737116
6.616586354177294,3.361008070473883,-58.04837233221786,-67.72604711986537,-76.54726305576827,-75.94829092530061
10.027517998334122,11.397385263590392,-71.42184751975394,-68.80224718260764,-66.58217063661294,-67.66991124674382
4.006017252438996,13.82421249614345,-64.4535136307596,-77.00135747813242,-55.27838663632818,-74.74155252997046
14.602357744777269,9.069871038996686,-73.75916825869852,-60.56277900231071,-72.90525883204354,-72.02840572162778
15.961255724210679,17.642243772204434,-76.98205136819949,-73.03308723165574,-71.71000371252282,-37.94434950771674
6.804244719657064,11.793151072194913,-70.63417151396592,-74.12250125642748,-62.695592072601876,-72.6098750279445
7.11315290138915,0.9693068329404175,-63.062015427439306,-72.05271095829856,-75.11971047684408,-77.07415067221655
12.386419821702654,17.659601671108454,-71.30467948350164,-75.38843174599334,-70.07731397040614,-52.73826112730079
5.332499252166578,9.494513608801395,-58.300658348045545,-74.80472778565591,-67.49230908180627,-72.44124290039409
5.037712412113522,16.04624676901429,-72.32884889207459,-77.64813973332292,-31.810967059174633,-68.7715729004193
8.81725965466792,7.04853503893167,-63.19036340344314,-69.44332636806845,-71.70448082032041,-70.76028953592053
12.914265235664175,3.32431383789618,-70.39954864448572,-64.63615903347839,-76.66262293063764,-71.70321710683642
8.335179715131424,14.492247240795667,-72.4825323308937,-73.89074383128936,-58.736595092926024,-69.01946892671772
12.427075659930281,17.49022815825481,-78.27934978447553,-71.74668193021387,-64.80454745578092,-55.3819900202693
6.731198322671026,18.05631176358657,-77.03604467439668,-78.50429926193321,-49.502127777796304,-65.88486722671014
6.835634814352238,17.033993169909408,-73.67966239158518,-79.8143771561928,-52.92317830630682,-68.81648016951699
5.901573370092366,5.097559763231867,-48.09897100787447,-69.74701118236449,-67.11228676053142,-80.74191061440854
12.898981496015045,18.452660616951526,-77.47028020768856,-74.27782640702199,-67.6680330114161,-48.336334898221224
11.974907510732457,2.501848185465927,-68.43613225038372,-62.38396657965687,-72.39889553753144,-76.46644112713722
3.03111289974765,1.3332910180021762,-56.00705094275477,-73.50973884121228,-74.44908945620175,-80.1462238902537
3.938432637171607,10.194523084373348,-65.47434296031835,-73.6934737829026,-64.26789446777605,-73.30953887170645
11.386230096254,3.2403408921976173,-66.55655927469384,-63.91095807135026,-74.07525572578255,-78.9439214492478
13.333320688750716,2.360413357683524,-69.91176717026855,-58.16643519233446,-74.13590557017308,-75.5503557457239
17.74186844742599,3.5629421900064973,-74.91194959877647,-42.83187100526114,-77.5722049770405,-74.93146106469305
5.074367464485086,11.732986902457046,-64.71987386369759,-76.46798743623691,-61.602564864004385,-69.30079927477601
12.180682800540822,7.296338797551403,-68.86587438384552,-60.0280822124174,-67.00801774979553,-70.27860058945403
1.6459464471461116,16.568276252615416,-71.63138820402378,-80.00738520673548,-50.941078016636965,-75.64043684069951
0.475337810735994,2.8002303324697486,-58.28922938935415,-76.55138553038877,-71.03328612199478,-77.44237636583516
17.055562713880096,2.3773471937325064,-77.3977127698602,-48.35927319442791,-76.95504484407486,-77.20346905448085
5.708717465080307,2.8976414476396073,-53.07441231638006,-74.66264833369613,-76.42294215930649,-77.43497591878308
10.07612597960037,14.435419256423947,-74.19727495238399,-72.447091176854,-65.80518324902486,-64.07885157804755
4.127891161134867,0.47619245854162884,-60.59588066503205,-75.67107817520349,-79.53327282133941,-79.116186852928
16.07570001881694,15.137801665971635,-75.83326730764296,-70.70720897783423,-74.9030741976536,-57.02759771189208
6.153186533929508,0.19889028966719735,-63.7490674992693,-73.04619134563228,-77.69323979630569,-81.46974716925506
16.78848982020287,5.246930184879597,-72.59382863378339,-39.18011321284989,-77.95078160215218,-75.70174590272345
13.04204217803707,18.227422733176812,-74.79641897379281,-70.81584489447964,-69.85316143338756,-52.60973040037661
4.359498889410974,16.518144840123643,-72.07314179071236,-75.83386471611449,-22.430995723481853,-70.85729618037362
8.894477769409825,7.699417571620364,-66.3617351419748,-70.70142453382579,-69.92811304114393,-73.33446531195612
3.0527566857975397,14.662939133342173,-70.70652116628501,-79.52907110723676,-51.40735901898114,-72.43914162000314
16.556183977780076,2.1584786187025373,-75.52546450333934,-52.406933869188485,-77.06402672787522,-75.34691794609884
8.98723915411271,18.444665168623686,-71.60382882538417,-80.28955364607323,-57.24718620702944,-61.668933044028215
0.4317225383880907,8.88177546682337,-59.53688475646459,-77.39026476686688,-66.96546365933236,-79.615617597251
19.43016728061249,4.6640328650775675,-77.22317001584982,-52.420141484473824,-78.42607034791565,-76.2875450884499
17.442677929481512,4.631639430626679,-77.84214162449354,-26.260889410437255,-78.66876467627365,-72.98528722047668
9.976513310533706,16.582172474624176,-72.02051692415964,-73.29485633010029,-65.09474638003955,-64.40960747263809
15.894524599682136,12.899730122362552,-73.20441245449442,-69.06617372123758,-75.89706134401132,-63.7137066671035
7.193838160209333,8.390389723161004,-59.92344219097433,-69.06960715884901,-70.1605790560534,-74.9832179003694
6.432313637578602,5.50064156719436,-52.11635895639855,-71.138042036584,-71.33734801684494,-74.01211111354807
4.801992961278454,4.727055924966392,-44.571084692185565,-76.68469226105783,-71.74497475663247,-78.33924854910391
9.690325611633599,0.5194151982951944,-64.98655815608467,-68.26734014877096,-75.46496035765546,-79.04322241890137
1.248072135692495,11.682528187674535,-65.83383660765095,-77.03926119124047,-61.259883960291596,-78.07249334320561
2.1684530501942234,6.576340756791563,-47.316419869697036,-71.95593850092204,-72.56890284076839,-76.59995220808783
15.491804868365413,14.603957534134352,-71.99015085667773,-71.56002183706406,-69.77305571320012,-56.554288203720546
0.7870871122322054,16.18595928895505,-74.48523537040423,-76.55380044249901,-59.034922206557766,-78.15547676500086
3.3778422755579496,3.53465392234815,-46.658479105222355,-75.63469371096907,-76.557014668312,-79.63526855628419
4.840770112151063,16.72740742917361,-72.51582889589983,-77.80350987091035,-25.1203403028694,-73.01009979713683
10.607136404233357,2.87844310425569,-63.928722029581095,-65.68621109372538,-73.92680028662977,-77.28210021571536
12.975334058912093,19.011305431938933,-74.58240791677638,-72.85779919412667,-67.7594894337565,-53.03215266050405
18.779440830172604,8.954410901144092,-74.20524256352076,-60.77371909959434,-78.65962469942195,-70.63294155176133
11.109986329212887,14.091206599678399,-70.95132602418846,-74.99991964334168,-64.62106084363472,-64.3303495997289
5.8406990180871965,0.7949718685768303,-63.174267236392964,-73.1400455559105,-77.77940134127826,-78.38240833829286
13.30038269048053,3.032508557290783,-70.2170062322802,-59.98018885759789,-75.32257480466222,-77.8208470012467
4.931645349120572,1.5776908851492233,-57.81135560613658,-72.48079115215673,-76.3855672868898,-80.86584905058007
0.48249866167646926,9.832033122925326,-61.453952664115874,-72.37602498552539,-67.15638266609531,-77.84601035671652
11.167445073238296,12.573368020767484,-73.06041664907279,-71.63572491803811,-67.27724925538642,-68.44468959663423
17.44448760200707,10.498286859227402,-76.75862072556647,-66.38256512549522,-74.96716734497959,-66.73946796117337
10.40444448337238,0.8407916321032527,-65.64083800245461,-65.24134619030522,-75.43950193287887,-77.90212693628848
2.733887097162331,18.885809422639042,-75.03264739934428,-77.38001180404329,-58.71441868515808,-72.53552944933512
16.084074848616243,19.603963949950433,-75.49724478395687,-77.49731533137717,-71.95692333461659,-45.66167133637949
11.287353295214654,15.308025519147535,-72.22075957193968,-74.20265369459004,-64.77935213106838,-63.066951689000284
6.97817851594285,19.197931832526393,-76.24149983613087,-78.64000372148051,-55.10650680125575,-67.41439238253903
2.4017994958725386,5.383944526678064,-42.213904237472434,-75.18010667260886,-69.40220852869086,-77.5594783448438
9.007562833657017,11.456730622493223,-67.89455934907294,-70.00577031635449,-67.16791285917566,-69.43985122782317
3.069983799806133,16.5935195800346,-70.91110832576277,-81.89245047938678,-49.67463159064349,-75.39372050716185
4.0269127022217255,8.40882785475198,-56.62185593192224,-74.4201127202554,-67.61277986816741,-77.42468390384776
2.564566024493846,2.720878170782457,-48.27120898235857,-72.82930947310435,-72.9151591243265,-77.43470479403851
3.040431416823899,8.961236109547547,-59.685231715601596,-76.39119927831565,-69.31450541945509,-78.28857536661097
8.900091324878582,7.261531572809474,-64.47211385365972,-71.63763621478358,-70.7480602076871,-73.52413950099744
11.578171560744329,7.694271434695867,-64.93065012806525,-62.688165973333284,-68.53719698934974,-69.30631707927859
10.269488895365765,4.150375426644748,-65.22077976426276,-68.1076793336287,-72.04957309294483,-74.97594433939393
18.489534721640254,7.131722484858825,-73.74455066701464,-52.71620001236958,-79.27133758899875,-73.04209516245547
10.471303303219795,9.837000000169207,-66.14190751711516,-68.60522040293715,-70.7101444740327,-70.29655595291797
15.454057334132758,3.4408913591620327,-73.86872089805476,-52.139341893989375,-80.83429027544078,-76.50251900894334
14.805878138338528,11.607557204864081,-75.47957692915331,-66.10754692975388,-71.65202855364616,-69.29032453207809
5.063806178565002,9.542043854669561,-61.04912214557608,-72.58173447494902,-64.60794741217659,-73.05574693317875
12.371183592678005,8.464304416439191,-69.07925135869704,-62.60995125415021,-74.30580111417066,-70.82541175875014
1.3737379697922725,9.075813278968363,-59.853679138505655,-76.45951351863951,-70.43340579575548,-76.5067341600589
7.238354422016626,10.209131943677008,-65.43259709064262,-75.84410364012918,-66.75893235417833,-72.31404639310111
19.847348770010612,14.071099352119813,-80.73047239022856,-72.221355537654,-77.57414194592954,-61.79950204815275
19.27662598884211,10.999302980592809,-74.70655449861604,-66.13260507256444,-76.90808844531647,-65.36522718228929
10.026582593183642,6.736872206597059,-63.984222527029075,-67.43950366586877,-72.22811451542076,-73.95556831540542
12.411253654641952,11.193725384628731,-71.82935170052436,-66.24706659900787,-68.44121007370788,-64.8112174541913
13.771411890150961,19.079201339625726,-76.52184714006866,-75.15348168807513,-68.07508955466723,-45.479838296700564
3.918191386731351,15.723094250303477,-73.25547792391751,-79.31760059379292,-41.137034768266304,-75.99844093314525
1.630230705400737,14.472026856415852,-70.05140298520546,-77.39527563506027,-54.10175253384055,-74.80521252306917
2.029470723119271,3.4593229298674433,-49.177415425077726,-76.79759532707088,-74.54064953048517,-83.00869343926011
4.888199134622139,14.551562201217932,-68.43877966503062,-78.09268291045852,-51.22306985214229,-71.73456213550247
13.209623052386657,15.321187111443773,-73.74891646785072,-72.66270096221578,-68.98764432595661,-59.06853914115194
8.904982646369199,4.4943515410574975,-62.227129635421235,-71.13632955786031,-73.57119399411037,-75.05351765680905
10.586370544702618,1.821457814766656,-68.3921892359375,-65.65444136058707,-75.73655701120131,-76.33574154491944
8.757812782467466,17.970296455871647,-72.7946661878006,-73.06406655122068,-62.19537266002355,-64.92750364059475
11.352362634165257,8.457160898316694,-65.61045989915567,-64.4530467290353,-69.4780412605182,-69.04566336056571
16.005128150055388,4.026836230792972,-76.24716383954234,-38.99149446001619,-74.45649252619391,-76.30738721052276
15.015469980241807,8.888731142386323,-76.60118851836843,-60.79316636064849,-73.73539457127556,-70.06673760576953
16.17169906320899,16.065841960831392,-74.75729542361924,-69.74679258343384,-71.5393694645456,-52.10403880029696
2.2233368176288715,5.004778909383473,-42.62634023597484,-76.11569489729608,-73.50376385071581,-80.43048357112164
1.5789467653415357,14.88265733336191,-65.42439533062898,-77.63284316435205,-55.041870869744,-73.92937633701797
12.65599978205298,19.086104997766643,-75.58315724036119,-75.7810474947805,-65.25125308573597,-51.5980284562464
6.656371909404253,10.169069363423002,-66.9800823394755,-70.31408428539537,-62.71121819645024,-71.24818511863657
3.407572871919262,8.172223935643698,-51.786150466915245,-75.79283470214426,-68.52193566403609,-74.36841491946028
2.921199480636516,11.21738004381542,-63.39007053877314,-76.06100893777769,-60.15538753914834,-74.11627469353901
11.195220005062456,1.3612529800251294,-67.62238976312182,-67.92917357904332,-77.39837418427867,-79.75969513004895
18.701130238388288,3.780476036363043,-72.49665925033855,-46.550342509062155,-76.97540141080502,-75.75677208616848
5.856970240417452,2.69626060806595,-54.79311791394122,-71.71101088195319,-76.86321539477561,-78.9710919660018
1.7243226237182396,12.269498547156651,-64.71255155450166,-77.17532458313931,-59.3534640204232,-73.09486929984678
19.44787744973763,13.042832202082032,-76.31486944046277,-69.2162095614579,-76.26213448739286,-67.74779085449647
14.621816834742882,14.336228250619726,-72.44934576291237,-69.21364328530498,-71.884631290659,-57.664629972248676
15.136054011054513,6.650260752067916,-71.48139075039306,-51.614104556656635,-76.03576508606405,-71.43791938942644
19.606924859490398,13.063870432006153,-75.09230655035907,-71.45484471650407,-75.765974005479,-61.544973067108536
17.65351358872898,19.864464608761143,-79.61058098934217,-75.9071390191905,-75.46384724769834,-53.267500680465375
12.656428786859312,10.801946109065383,-71.77174886425964,-67.59926402726957,-71.32562211883418,-65.57095719811163
9.325890316816043,9.831122890803565,-66.70204646443575,-69.3531665101865,-69.474139655515,-72.83825105277712
8.973279941367228,10.22040704557654,-66.94428680304003,-68.7466760332059,-61.46725235033256,-70.0165743890724
7.0753691646200245,12.794002257221905,-71.51237529085967,-76.42930435659565,-55.28643124299347,-71.47961054192315
18.08610843978068,6.780864606115273,-75.04780059857524,-49.12872599172978,-78.8359888065209,-71.23496811307707
10.999191941915027,19.521227062565746,-76.32217970793064,-79.76159695959495,-67.48053059506225,-61.93162255734964
7.404230431182346,16.883750720850248,-76.36811904935522,-79.84714346713235,-51.90028061075681,-66.03247298743398
14.119487143349282,9.161187201091714,-70.29016508268371,-63.72868221724443,-72.00064126270209,-70.10110833769052
13.665870695943422,3.088988296606092,-72.797230418859,-57.649607611183185,-76.18681436076922,-75.5979162962531
10.796274096662287,0.19542091925380145,-65.68620193017763,-63.31692621509252,-75.35732956660466,-79.76393734195555
7.956660100006365,11.207368910792553,-68.92519859326995,-70.19674517886003,-64.1212125958488,-70.70521641094287
13.824839385626538,15.533483160986322,-72.10243141862284,-72.84870623207478,-75.34912497771103,-56.84635882930615
13.523843725896574,3.0164323466717446,-67.08291155622494,-59.6639202229687,-77.57476210448397,-73.78617168210258
3.4368455589195634,7.433638969011922,-52.99283075212828,-71.8096305211772,-69.58384332162318,-80.52741207324546
16.293137714302624,4.635156986333788,-71.31117761438803,-40.61023787462257,-78.4527291670658,-77.54526913391285
13.953377797960195,19.34791537603634,-78.21470559908855,-77.202389201625,-70.10958538564533,-49.66236637882126
7.5391957284478135,5.296504877491119,-55.90324044887432,-65.92206621019443,-71.65999431005558,-76.37962589352188
5.769189828692762,4.289650599437569,-49.62091715329919,-75.78912724543802,-75.30822744609146,-76.55124760155354
2.0643925617533743,9.209789718704332,-57.45646139372616,-78.50523741942126,-71.62382585714809,-76.72855172206746
8.107435579040597,18.32730948793462,-72.9599053256131,-77.27976403212914,-55.193696528062844,-64.01951284099947
18.255479751498363,18.10940277859319,-80.50795827719097,-73.3611112657728,-71.35878357862654,-54.35070619719371
1.4762427618269158,10.46850142064365,-62.365929403781415,-75.66777070069166,-62.32564003761647,-73.78710426110457
8.864630801691424,15.819293678435312,-71.8067992467322,-77.6016723338703,-56.80935324370807,-66.71393419108152
9.791757568630903,1.644108807054081,-66.71485380152845,-67.15803203149082,-76.26102440233818,-72.72929216852822
0.17549067864178758,3.62347816536563,-57.48035470351572,-77.36580174295356,-70.7751127489841,-78.13636606366711
13.862697945911924,19.75752962689274,-79.67545363194284,-75.95432678548934,-71.01141295414205,-52.475653145151256
9.199010740061329,1.47291948611449,-61.973008775871605,-69.13896950045508,-72.6416119733634,-78.51350312617919
0.27115534895088,16.68064356984359,-73.46962786993845,-78.967771648981,-61.77901435760836,-73.7443998533318
15.707692584019124,13.44375420030001,-73.0778266993709,-68.7004027144751,-71.69274984524185,-59.862410081286455
15.915370891272616,7.377536708670642,-71.77542876372449,-57.58911548602456,-76.8965618804268,-71.28592780411304
13.14336428438578,14.593266306684981,-73.53189353225825,-71.6042847313703,-69.22256413853562,-59.61218693491408
6.174064437886251,11.428037515880295,-61.52221476243685,-74.2188082032185,-63.23384190756895,-71.69719851349615
0.4255704609708433,15.998617754894642,-73.01855131651304,-77.47391556087534,-55.94047240351796,-75.13525833150246
14.884320500146426,3.9907665031785267,-68.49953135412692,-50.5461901989913,-77.74926841314762,-72.0567025525782
8.019567669036768,8.661564860126818,-63.41725059796201,-71.27554911855034,-67.51449244842483,-74.07416276116776
8.716474129762071,6.51183802577656,-60.95278337772137,-70.73186423290029,-70.07484504691678,-75.77570478214597
6.9555925312662055,13.366567293179319,-65.68438648712976,-77.92735949016021,-55.158631430045645,-66.54905860406711
7.015908225265413,14.048790608134931,-67.91110515157492,-70.85877423889833,-57.46327402871588,-66.66996194863704
4.473902816241595,1.0491283742964197,-58.58793720525797,-70.92775502331726,-76.57223575955159,-79.3341625510151
3.5451807787041534,13.78511183726398,-68.78545832275996,-77.21970093956493,-53.32275817965172,-74.98360714686983
11.67961725330267,11.104889685928676,-67.97250742585706,-67.23309016806765,-69.01818720485818,-69.0299725502531
4.025038275901773,13.811861257400274,-66.55056492654933,-77.23028507113179,-53.695832875762875,-74.7996505316176
10.479309251502098,11.501776955868703,-69.16668261513017,-71.19711247744286,-62.92463828806222,-63.32968305507133
7.7238586041967405,5.06983337814821,-58.1100475883686,-69.83988047045551,-72.09998158509788,-78.2127672502221
6.942184246384048,11.977501944304276,-67.23455262567282,-72.93474975661655,-60.321434785320136,-70.65038368881655
7.652643084777521,19.163538116785432,-77.40883543379981,-76.41099730212834,-60.332685745770895,-67.45755480480032
15.637992567769114,7.6228247684632455,-74.091115343038,-57.33421990899629,-74.38332484992085,-72.64029842452946
3.013918793478949,9.619508975899647,-63.00605746573347,-76.89124037854796,-68.7630311411395,-72.69153198392786
4.551339333393038,0.17314955319368552,-61.52130580855208,-73.21869202421615,-79.10180062980429,-79.90431873220807
19.700558886012786,6.9347347892090365,-74.85830004757133,-55.8365134155071,-79.01984322723874,-75.7269792892107
16.537068864607065,19.064591110772085,-80.20667048825031,-78.91601774236787,-73.11407362063542,-46.04888377605797
8.94357985505464,11.712192547959647,-68.98887829164016,-70.39908323867716,-59.69160492514883,-68.15186796725979
19.485430728273037,1.85682974523381,-76.82481760712794,-53.21019208103864,-76.4196540921237,-76.574900189632
17.01321078190341,9.1962317109171,-73.31629202037053,-59.23379288493315,-74.92721940625079,-69.41176161700183
4.608746069790557,5.813894599339145,-39.98597954400515,-74.85828703070352,-68.08072923185388,-75.18895826689676
11.967091996698576,11.631866231287038,-70.81055443266031,-68.56070175537067,-67.98595128659176,-66.66056537893392
2.1315322356803312,3.5452875633818426,-51.961060014580994,-73.19469385759348,-77.87691146689004,-76.18301145050374
16.069138236504852,3.082539188952369,-70.93822579307984,-48.041202793863576,-78.75271935396128,-75.83399849672547
11.781590199416598,10.52590694879066,-73.04685867239687,-68.21150718346765,-66.80612534332509,-67.78831116171777
1.6014263025565834,8.163591221111368,-58.36877056306598,-73.2303831615255,-67.11422269659703,-75.7587091905552
1.4715784031197332,2.816278129892764,-53.245136278395,-75.20760226555842,-75.01102779398434,-83.02710648518648
4.318944344889566,9.400637901539486,-60.335731504128894,-74.33679904779974,-67.67010899548532,-72.5110844187608
18.663602234279402,3.1891267573987925,-74.31258960571726,-46.75819413182987,-77.94324168208753,-77.56314217222061
16.5690752199779,6.197565279038766,-73.88415755888904,-48.14726665362737,-72.605422615785,-72.606761119028
3.44212521443638,6.521938692174438,-45.87371560139284,-74.36695234102189,-70.89944426034505,-76.76955248743965
15.325921328164217,13.511331807355615,-76.34815003851762,-67.67909280714808,-74.59570440846426,-61.56944270364856
0.4726564164693059,5.4978491506781975,-57.19382414190046,-75.94367062639891,-72.42654001825727,-76.18935623793809
17.974090786754783,4.085664593774645,-75.96399260759361,-37.104198242030066,-79.55844115289443,-73.31716510659288
9.069048006829068,14.320605520222205,-71.07832771060237,-74.88021708232596,-61.75927172646773,-64.16765823487131
16.24585744653253,15.442927532368063,-79.49391982873199,-71.5371861896628,-72.50435989564266,-48.44214658501932
6.382098964948373,11.09697361398322,-64.55422904090503,-71.18236073791158,-60.33033505967067,-72.32051817850568
10.915178854326182,14.138032018046601,-74.78395149278093,-71.79583565357552,-64.14249770828896,-60.78651506296492
19.874965825052616,16.18445639506605,-78.77961101035076,-72.61203801767225,-77.26646425547811,-61.96522912622127
6.384614335639975,13.473554815391584,-69.97350264813244,-73.54002212065888,-55.43805427350411,-68.79383779441852
18.835374922611777,4.508669092747706,-77.47920730103228,-47.63944579102214,-80.3639827720397,-77.16366263056632
14.168468287915147,1.2789374961964595,-73.24255142854349,-56.015568932370236,-75.89418673176039,-77.17528939329627
11.987877188739864,18.723333402825123,-74.1316308736897,-76.2860335257099,-63.01538767422979,-55.07295933503701
3.8288465798851323,18.716513305034695,-74.06891409710093,-75.68197789863497,-51.176604840268986,-69.88868224413513
9.0263925411473,13.55657906618005,-72.29375102736233,-73.23073686362282,-61.17011410935016,-63.606955604811986
6.806170273554175,10.523176019669645,-62.46081557723075,-70.91196938006902,-64.0011889203988,-71.31484728445156
3.4026357546454533,9.990813715342924,-56.675227922664014,-74.99420319598927,-61.44008161655429,-73.57380756974271
7.537835840974882,15.68783774462007,-71.99128700977316,-71.48664836093683,-58.708688561052554,-67.36610269081189
8.806255685930203,12.349164172623139,-71.27318594165276,-72.51243897927709,-62.48708563713224,-65.97726599392041
16.81946655335556,18.255707883068762,-75.13563174564821,-75.72365451887728,-77.01684288820897,-44.54893402375226
6.936669437110831,14.123548288451639,-73.84505342624104,-74.96531226257518,-56.29767076240369,-65.49825969204093
14.57028934656017,5.021922076932124,-76.36643536906237,-51.442571401084564,-73.67765420057961,-75.65438471007253
7.620806354858754,13.269662652398978,-72.14386559747054,-71.53629470450235,-58.65943587412664,-67.91999046483132
7.873912102366905,5.185142900966364,-57.53078716466268,-69.51638892133488,-69.63753058590962,-75.23195963553505
4.0932503028855205,6.732177351749431,-49.73582047199749,-74.27756254564652,-71.21545035117092,-74.25796676245068
2.5242420380103425,9.875573680378567,-63.593615433651756,-76.56770183307594,-66.34685734967911,-74.21587313569745
7.211737732066272,18.080153847431067,-72.88378870555421,-76.74286679300165,-55.1229051281458,-66.60758348379447
18.802085905843565,0.2340256285724185,-76.62052909098337,-60.18098068496277,-83.0142639303463,-78.89860279929947
11.098931890003287,9.027833083004012,-68.41584954862907,-63.21803073256781,-68.23645021408751,-67.68094279727256
3.4755540140894214,8.049763626172668,-56.73380102117517,-74.12272598868914,-66.9242634022879,-75.07593688360356
15.835773689887635,11.645659734214146,-76.67426131834092,-68.96255615426934,-74.75178872127084,-61.97452319061899
15.636686226287207,7.087229698311168,-74.75920713606568,-54.83476641160729,-74.74760325748247,-68.7752969484815
13.74164389762711,10.194063120293169,-73.40362411558644,-66.60711229563519,-72.91425460166258,-66.16576542613086
5.249648944863077,7.946154775966381,-56.857140796132256,-72.73865752293968,-68.87597665541642,-74.71070944672621
8.67363412937792,0.9475381565758134,-66.55792909608388,-69.30619192125562,-78.84288268255284,-77.99331437996763
12.833327522254205,18.09978605873436,-77.37941236071298,-75.12603873778491,-67.94895851151598,-53.25176594363688
1.3739382452444526,3.201699310107089,-53.257050852380324,-79.54214876704668,-75.89434514837144,-83.72738627657716
16.83762981980943,11.807341370267544,-74.46198924873084,-63.99264195200726,-72.07319355950357,-63.528819478883946
9.35493898084486,2.5622476494566837,-64.37848297161872,-61.67759850526428,-73.90303120025435,-77.48745902378427
10.197747978663369,11.179813065048682,-72.32252404667307,-69.11234624752086,-63.05959462571835,-70.35081778104535
14.593587943442497,7.610596949503179,-70.24802191235774,-60.9510532701078,-75.8445675285287,-72.89969842907932
8.734974181147434,1.4250995690088875,-64.48210721627905,-69.0026049817458,-78.82116577075669,-80.61902062098419
3.6087707127028334,3.1916737972212883,-43.64555543510541,-77.21437456758892,-74.4014628484621,-84.5414486445791
16.181137713209033,3.876907877436553,-73.05528277738973,-42.418673801495544,-78.36576450448217,-77.20438010518991
11.677555571931059,11.083559540915768,-68.99227250365864,-68.78638657528839,-65.71946616096565,-67.10067732380104
4.644404362446888,0.563813284194663,-57.30665296870928,-75.77211035785585,-75.37575010145439,-80.38615327743858
17.140890340938665,6.221593953887217,-73.61477984756162,-48.054123499427114,-78.68969410752956,-71.97502945366332
17.903185592766324,6.621244886002675,-73.32023324654809,-50.6265456290161,-77.2742786576708,-75.43943839433801
8.428447448506375,13.254647097982147,-70.58755698451539,-71.09631247572963,-62.742385990696974,-69.85156661182138
12.503317847099787,10.67604241289781,-71.1230762189941,-67.58180770505113,-69.32594862149172,-72.2081634451573
5.0135076965843535,9.479664965142238,-60.777915630083655,-72.75964054066813,-61.908282728173525,-73.20463951586405
15.80816998828884,4.299232898019452,-73.5477235349142,-42.393500478379266,-74.29345301991496,-76.29322241874945
8.912656618640025,7.407583983779076,-63.78439736233725,-69.52392143261707,-68.77728527504311,-75.51277269649687
8.112733973264909,3.5680270013651394,-59.527656080147445,-66.08711768083464,-74.64431775066743,-76.85503217950405
13.376503805833648,2.678976152561583,-70.21818422614824,-62.085027678996916,-76.41262582330583,-77.89931602930163
8.88973995249751,19.4033334695916,-76.02512981708419,-79.29744500381334,-61.96986197530828,-64.40340873136958
18.73596851715281,4.587665004394976,-75.99512750729544,-44.82812187428294,-77.45824205870069,-72.72635334631558
3.1672537169185677,18.37835488828889,-72.23019016045195,-79.40852689024864,-48.105498191955704,-76.46635322269792
16.771757321011602,15.401864143248904,-78.24815288233907,-70.50434456277553,-71.2381597887616,-54.8092509868889
8.263551648820881,1.628798727962355,-63.575846047169065,-69.41572738854586,-78.22007328609396,-76.60478181258154
13.501653509939654,19.607969744328997,-79.07101197295101,-79.08208139186078,-67.60993410967616,-50.72818215389012
0.4220966793087233,12.401883877259783,-65.34606407199806,-75.13058414684934,-62.91132276709712,-72.9039417679452
14.714394693099509,18.08000958113149,-75.81974960890902,-77.31942555440801,-68.32632532456114,-37.543685532574465
16.902352074057994,6.111369248045704,-77.33411108461522,-49.96843147960826,-77.86526015965859,-73.53126383958679
6.880723845877787,19.659193215556027,-75.4313501391823,-79.2899426329964,-54.69746115885512,-67.60711578741684
11.125505497047875,15.754769268411003,-73.96233389892072,-75.38612356103567,-65.46602067315224,-60.17732100444308
15.575316991260156,2.3364182133894795,-71.532659695508,-50.6568439847119,-79.11561123842165,-79.03636371197744
6.62727267158864,4.146813303197854,-55.54221320984543,-69.83674270791703,-73.7251055572863,-75.8684858680924
12.037579008860167,0.27736680921897516,-69.56895530013631,-66.80678346658844,-83.29630398118684,-79.77643896483248
16.408616817831028,2.881155610789823,-75.51082689621494,-50.3292370880978,-79.14051573509099,-74.49944617666115
10.670862289096089,10.77627216889612,-71.39166537243106,-67.62274296939238,-69.61085820384788,-68.05110797453897
2.385199671500029,6.6361946250079695,-49.94347932234576,-74.34209658013022,-72.46390458817295,-78.89789433594912
8.908363597894049,5.11995063259903,-61.15332758557129,-69.77978010940305,-71.9422161146369,-75.55659749038863
3.8170291962969793,14.990201378108273,-70.69642905987463,-77.37077442924247,-47.23879744706648,-70.7547566294434
12.213550839437985,5.6854694678825,-69.02223804120383,-60.12979645365509,-71.34417154097264,-73.93551603002089
1.3551551445514787,6.4162657567755055,-53.655791184286485,-76.112621582356,-67.82356214001868,-78.44963858243513
7.481873874811537,10.474773042622603,-61.41934734446937,-74.50353310336779,-65.3446070919175,-72.41511576869952
13.227981161975597,14.4635827109923,-75.34867771083984,-70.9813543158471,-68.05948881951139,-59.8243512241604
19.019872459844454,1.2274914541732307,-76.61851352600608,-52.205385832254514,-80.4648060063744,-76.01368718801037
19.148676615877825,17.362360367465385,-79.86856765046484,-71.82964247984121,-75.2261567733202,-57.833842392855864
16.216475746913513,2.068626514816234,-70.0351865319746,-51.772021602114386,-79.47778719818487,-77.02753563864853
2.180923374076791,1.928005064829883,-60.03592703787911,-76.40242225431822,-75.17119613756861,-77.93696630631773
2.0012098260093536,10.85577938078851,-62.65661352330378,-75.84615194784611,-63.76194959148834,-75.46458834312963
11.368925212682084,18.299535401274504,-77.62184234084857,-74.19650950538441,-65.78022191081081,-59.884059899345345
18.368839143254633,9.735810005412818,-78.59380004287397,-62.14953117167071,-74.65743014527203,-71.44079713222187
18.936899134972943,17.013792587577797,-79.67254836248381,-74.07654787994223,-72.93105416984606,-59.146045368284945
19.278873486655012,13.667408699578425,-77.55186679044974,-70.07414295967065,-74.3969585596265,-62.13181635237675
10.440985914052606,1.3844496163350195,-65.37207299492724,-65.96256238692584,-77.53669506659752,-72.01424837153915
17.8950287995297,18.73945825865142,-82.16674447874584,-75.35632637649462,-72.78252293038354,-51.732819318573796
3.162902731485908,19.581050935300468,-75.541821523334,-80.65034113450282,-49.89500420687251,-69.36287004464063
5.65650378522829,1.595823508961578,-59.7509270169235,-71.82906180235668,-76.6740099154541,-82.46892336328675
2.7719875278500794,19.69324551566935,-72.99748754967543,-77.54283536522622,-53.97133220897244,-73.5730553440786
17.181744790312642,5.977459495657113,-74.49800565511056,-44.22353706882558,-76.43145605607377,-72.15980576023962
12.568988732578424,0.8107911433750026,-68.4481780056856,-62.34138667321003,-78.13856993444766,-78.80193785428595
15.895371138101043,14.444046793716431,-74.59747550030734,-69.53819416076449,-70.37587887428153,-54.60192181260747
3.3166142404658228,11.348886703031159,-62.083157054052286,-73.55134909586666,-62.86838331878691,-76.03531504808389
7.284900577660722,17.142297887117564,-74.59617151574133,-73.33857275837627,-51.88374927007071,-68.56339392896842
18.02874677471429,19.376683774742645,-76.305624196298,-73.66593670595823,-74.01413078326077,-52.798378648457906
13.608945372646078,10.235511229339087,-70.65269506141732,-64.67703303055919,-72.30428408199876,-68.07715930557524
18.482830590335826,17.411285026279895,-78.59159422095935,-72.18930877117239,-73.09345441924073,-55.85263154551581
10.568668885421474,13.981406195130734,-68.4163176275619,-70.29029533382096,-63.94965928777566,-67.93018237005822
8.361712826509557,0.4153074971297621,-66.15980283948045,-67.53340344380807,-73.96247971183415,-77.75607106553115
2.640426750993916,2.165335352955715,-51.00429157515192,-75.80975795062811,-72.34335148948495,-79.77969706946102
16.792724311553883,15.709402894108502,-80.24026165409094,-72.9948101714973,-72.52967982102807,-52.840722522471275
4.079184506993869,17.398426121337298,-73.86687801095474,-76.81669291501164,-39.2344923239104,-71.15464052326776
18.71386783884364,15.000725288693214,-77.55741029232252,-73.19931623645637,-71.46199156617631,-59.76900573627256
11.487122604407896,9.572996680558957,-71.55646868555661,-69.33868572493644,-68.79779375371439,-68.56556837478972
5.692863825564764,3.304056825905368,-50.906785297822644,-72.72902724520205,-74.37585903479044,-76.14681240314174
15.829236335549403,14.587381847956573,-72.92517546208724,-71.77129115005624,-70.06762228314021,-59.336214948882436
10.914517370339883,19.195448009041492,-79.82665730309087,-79.22278923071963,-65.90067921745563,-59.52526868653288
18.672604501569168,2.212654072378566,-76.25144212759696,-52.31689255815865,-76.96781491534054,-75.29654685483841
14.752750559768216,4.80853565764888,-74.04006202626425,-53.36436747891028,-75.04642435039608,-71.83158413562407
16.55166645570523,10.165958023548447,-72.66052683670267,-64.90909678978343,-71.80282329874316,-67.89636826276622
2.15243642188637,2.838709998649709,-52.5156930773567,-75.70659478889755,-70.66108404315662,-77.45257999496428
11.876728957555237,18.14997615552642,-80.57931700593375,-75.67961752083042,-64.47672088324651,-58.5413029578463
12.23263280374903,3.981117583579601,-66.50163215581736,-59.548143236319035,-70.6509151401469,-75.5375250491877
16.87863847178152,0.38971853515250565,-72.88096260768953,-56.77963552774952,-79.49164382695628,-75.49684001704489
14.444267007398677,15.429897789944961,-75.16815454554856,-72.26691576728746,-67.14444455334677,-55.45850067292383
3.2516170138298595,13.669460871935845,-67.54860512170333,-75.12030681292201,-54.765678893088456,-73.23601527350694
12.443344082669338,17.814401846191906,-73.58493833117001,-74.47566799130304,-64.24774644430312,-55.973123245329305
5.789183262077371,5.3096068833637045,-49.75230499262406,-72.12526221561934,-68.85370029647834,-74.87292329427262
17.09967703054411,11.182260226032012,-73.85730794133279,-65.8366120347398,-73.49147720208484,-65.82962176283807
19.672188778008554,9.293477545467217,-75.91021780699988,-62.19875749481252,-78.46267260778907,-68.68451206569105
15.412163179015497,18.814348666500333,-77.48091168863948,-76.86049132711032,-70.35952003359945,-33.87384127753403
7.3384812313261865,15.507688500568664,-74.22232860488101,-74.94939425808604,-53.03269084583651,-66.41731828480592
17.610949006656405,17.64464569677957,-80.89243705562943,-73.22998810171528,-73.60231849086969,-50.98217665469494
18.330246213274886,19.12897743461967,-76.07309800314425,-75.24189199855147,-76.62423475471181,-51.881547350206944
8.142231385683502,8.346996318319938,-64.77539240799852,-69.89933851851345,-68.84560955645728,-69.31223085381843
1.2926319279564913,2.419480153129989,-56.30692715764132,-75.90666556098536,-76.15003304748524,-81.09367927980584
17.215267886822396,6.637711823853638,-73.28076499349459,-50.44908425042091,-78.42777549228906,-71.84964293209413
3.4743570415621883,3.936105080532075,-40.28849015367335,-75.37315263720699,-71.47091003426877,-81.8457650029269
